id,word,stem,lang,category,timestamp,profileid
en:sausage,sausage,sausage,en,0,1397751974794,
en:annals,annals,annals,en,0,1397652387119,
en:bower,bower,bower,en,0,1397838550567,
en:succour,succour,succour,en,0,1399608231352,
en:hind,hind,hind,en,0,1399454097280,
en:do,do,do,en,0,1398838329669,
en:tidings,tidings,tidings,en,0,1399609643404,
en:without,without,without,en,0,1399171787772,
en-GB:contemptible,contemptible,contemptible,en-GB,0,1399454326811,
en:sabre,sabre,sabre,en,0,1399461347395,
en:genius,genius,genius,en,0,1399458947333,
en:attached,attached,attached,en,0,1399045770166,
en:sepulchre,sepulchre,sepulchre,en,0,1399461614795,
en:personage,personage,personage,en,0,1399172535610,
en:briar,briar,briar,en,0,1416725056710,
en:Nike,Nike,Nike,en,0,1416713928443,
en:crib,crib,crib,en,0,1416731159328,
en:patio,patio,patio,en,0,1416722926578,
en:linebacker,linebacker,linebacker,en,0,1416717154840,
en:hammock,hammock,hammock,en,0,1416713678377,
en:puréed,puréed,purée,en,0,1412528164702,
en:dracaena,dracaena,dracaena,en,0,1416726378378,
en:cornucopia,cornucopia,cornucopia,en,0,1416726121483,
en:smiting,smiting,smit,en,0,1416718330122,
en:gryphons,gryphons,gryphon,en,0,1416717701741,
en:Gee,Gee,gee,en,0,1416713862836,
en:nymphaeum,nymphaeum,nymphaeum,en,0,1416720068010,
en:chauffeur,chauffeur,chauffeur,en,0,1416823517918,
en:noggin,noggin,noggin,en,0,1416722890089,
en:naiads,naiads,naiad,en,0,1417029048208,
en:parlay,parlay,parlay,en,0,1416933908506,
en:velour,velour,velour,en,0,1416726812429,
en:subservient,subservient,subservient,en,0,1416729188588,
en:Laundromat,Laundromat,Laundromat,en,0,1416725462535,
en:cairn,cairn,cairn,en,0,1416822649758,
en:schist,schist,schist,en,0,1416982904451,
en:plopping,plopping,plop,en,0,1416720119896,
en:klutzy,klutzy,klutzy,en,0,1416719392947,
en:pep,pep,pep,en,0,1416822869793,
en:nimbus,nimbus,nimbus,en,0,1417227502061,
en:chasuble,chasuble,chasuble,en,0,1417227386410,
en:laic,laic,laic,en,0,1417227160733,
en:aureole,aureole,aureole,en,0,1417227437157,
en:feathers,feathers,feather,en,0,1426832633603,
en:tomorrow,tomorrow,tomorrow,en,0,1426832430765,
en:cantankerous,cantankerous,cantankerous,en,0,1421913476245,
en:encore,encore,encore,en,100,1420485177094,
en:fondle,fondle,fondle,en,0,1433384106490,
en:Bud,Bud,bud,en,0,1433384159933,
en:preceding,preceding,precede,en,0,1433380344327,
en:Deaf,Deaf,deaf,en,0,1433380060996,
en:Breeze,Breeze,breeze,en,0,1433384361255,
en:Verse,Verse,verse,en,0,1433352165076,
en:Barren,Barren,barren,en,0,1433395341171,
en:exclude,exclude,exclude,en,0,1433346219708,
en:Howl,Howl,howl,en,0,1433384315572,
en:goose,goose,goose,en,0,1433395461606,
en:Drizzle,Drizzle,drizzle,en,0,1433384375956,
en:Neigh,Neigh,neigh,en,0,1433384292450,
en:verdict,verdict,verdict,en,0,1433384056283,
en:cap,cap,cap,en,0,1433396737593,
en:eight,eight,eight,en,0,1433425976257,
en:Thymus,Thymus,thymus,en,0,1433398626456,
en:bottom,bottom,bottom,en,0,1433414373258,
en:scalp,scalp,scalp,en,0,1433396915312,
en:class,class,class,en,0,1433414378147,
en:Pituitary,Pituitary,pituitary,en,0,1433398607210,
en:versa,versa,verse,en,0,1433406469286,
en:sitting,sitting,sitting,en,0,1433410692207,
en:Summer,Summer,summer,en,0,1433397583413,
en:from,from,from,en,0,1433420522233,
en:fur,fur,fur,en,0,1433396716763,
en:seated,seated,seat,en,0,1433426011056,
en:moderator,moderator,moderator,en,0,1433409297230,
en:students,students,student,en,0,1433414384211,
en:Ans,Ans,ANS,en,0,1433427827471,
en:F,F,F,en,0,1433490600635,
en:gland,gland,gland,en,0,1433398684615,
en:members,members,member,en,0,1433407194099,
en:clashed,clashed,clash,en,0,1433406763298,
en:nd,nd,ND,en,0,1433440383052,
en:span,span,span,en,0,1433485956410,
en:D,D,D,en,0,1433428944567,
en:MUZHIK,MUZHIK,muzhik,en,0,1438665690134,
en:Mandrakes,Mandrakes,mandrake,en,0,1439911107779,
en:abruptly,abruptly,abruptly,en,0,1440078089280,
en:skeletal,skeletal,skeletal,en,0,1439894961666,
en:Basilisk,Basilisk,basilisk,en,0,1439915342908,
en:mangy,mangy,mangy,en,0,1440831842675,
en:apiece,apiece,apiece,en,0,1439920419727,
en:collywobbles,collywobbles,collywobbles,en,0,1440654858702,
en:amulets,amulets,amulet,en,0,1439899445299,
en:talismans,talismans,talisman,en,0,1439899434174,
en:sinew,sinew,sinew,en,0,1439894893022,
en:periwinkle,periwinkle,periwinkle,en,0,1439913064535,
en:stifling,stifling,stifle,en,0,1440875045174,
en:Dumpy,Dumpy,dumpy,en,0,1440941468720,
en:bonbons,bonbons,bonbon,en,0,1440833205971,
en:Jacuzzi,Jacuzzi,jacuzzi,en,0,1440970294652,
en:raucous,raucous,raucous,en,0,1440711390775,
en:lockjaw,lockjaw,lockjaw,en,0,1440831927409,
en:crossly,crossly,crossly,en,0,1440763224832,
en:Tripe,Tripe,tripe,en,0,1440835308510,
en:crumpet,crumpet,crumpet,en,0,1440655127823,
en:pillock,pillock,pillock,en,0,1440970431906,
en:squat,squat,squat,en,0,1440764048408,
en:toffee,toffee,toffee,en,0,1441131607831,
en:pies,pies,pie,en,0,1440941225517,
en:boisterous,boisterous,boisterous,en,0,1440941091211,
en:darning,darning,darning,en,0,1440970459446,
en:cobbing,cobbing,Cobb,en,0,1440967872371,
en:haddock,haddock,haddock,en,0,1441026240758,
en:pronto,pronto,pronto,en,0,1440941858474,
en:grapefruit,grapefruit,grapefruit,en,0,1440940998595,
en:stoked,stoked,stoke,en,0,1440945670599,
en:poncho,poncho,poncho,en,0,1440944646614,
en:assorted,assorted,assorted,en,0,1440940388559,
en:honeysuckle,honeysuckle,honeysuckle,en,0,1440943726545,
en:swotty,swotty,swotty,en,0,1440941058228,
en:nancy,nancy,nancy,en,0,1440941044992,
en:Wheezes,Wheezes,wheeze,en,0,1440942798207,
en:bat,bat,bat,en,0,1441003921991,
en:shell-shocked,shell-shocked,shell-shocked,en,0,1441000266120,
en:fumes,fumes,fume,en,0,1441025077756,
en:blancmange,blancmange,blancmange,en,0,1441007582361,
en:naught,naught,naught,en,0,1441304546650,
en:paunchy,paunchy,paunchy,en,0,1441049558720,
en:marmalade,marmalade,marmalade,en,0,1441000354199,
en:mulishly,mulishly,mulishly,en,0,1441047936233,
en:benign,benign,benign,en,0,1441388438350,
en:cello,cello,cello,en,0,1441047661684,
en:molted,molted,molt,en,0,1441024923275,
en:tankard,tankard,tankard,en,0,1441020847069,
en:affronted,affronted,affront,en,0,1441049451332,
en:begonias,begonias,begonia,en,0,1441430837172,
en:petrol,petrol,petrol,en,0,1441003123316,
en:stoppering,stoppering,stopper,en,0,1441003148818,
en:jeers,jeers,jeer,en,0,1441268949726,
en:rummaging,rummaging,rummage,en,0,1441000161046,
en:whirlpool,whirlpool,whirlpool,en,0,1441007020850,
en:yew,yew,yew,en,0,1441304989999,
en:pudding,pudding,pudding,en,0,1441007398422,
en:sordid,sordid,sordid,en,0,1441676288386,
en:everyone,everyone,everyone,en,0,1441601090798,
en:tartan,tartan,tartan,en,0,1441676841588,
en:curtsy,curtsy,curtsy,en,0,1441613368813,
en:moment,moment,moment,en,0,1441600057735,
en:Skiving,Skiving,skive,en,0,1441602793669,
en:wolfhound,wolfhound,wolfhound,en,0,1441676180427,
en:incredulous,incredulous,incredulous,en,0,1441832259666,
en:subversive,subversive,subversive,en,0,1441779296291,
en:binning,binning,bin,en,0,1441597021810,
en:pinafore,pinafore,pinafore,en,0,1442212846308,
en:Barmy,Barmy,barmy,en,0,1441859744149,
en:pretended,pretended,pretend,en,0,1442198360096,
en:gaudy,gaudy,gaudy,en,0,1442385974709,
en:crooning,crooning,croon,en,0,1442390439529,
en:know,know,know,en,0,1441873126495,
en:jolt,jolt,jolt,en,0,1442284331518,
en:trainers,trainers,trainer,en,0,1442396360149,
en:nodded,nodded,nod,en,0,1442172742274,
en:solidarity,solidarity,solidarity,en,0,1442382124773,
en:talkative,talkative,talkative,en,0,1442198391956,
en:skulking,skulking,skulk,en,0,1442572926725,
en:mandolins,mandolins,mandolin,en,0,1442572606119,
en:tangible,tangible,tangible,en,0,1442560737294,
en:pirouetting,pirouetting,pirouette,en,0,1442578709600,
en:prefects,prefects,prefect,en,0,1442429087130,
en:astute,astute,astute,en,0,1442568681062,
en:nelson,nelson,nelson,en,0,1442581049993,
en:interjected,interjected,interject,en,0,1442568491054,
en:Phlegm,Phlegm,phlegm,en,0,1442401696545,
en:gleaned,gleaned,glean,en,0,1442576312332,
en:godparent,godparent,godparent,en,0,1442396721379,
en:thievery,thievery,thievery,en,0,1442576180525,
en:were,were,were,en,0,1442570370705,
en:Fawkes,Fawkes,Fawkes,en,0,1442607630218,
en:gamekeeper,gamekeeper,gamekeeper,en,0,1442407955344,
en:besotted,besotted,besotted,en,0,1442583093244,
en:rouge,rouge,rouge,en,0,1442582555443,
en:cheek,cheek,cheek,en,0,1442578348425,
en:contrived,contrived,contrived,en,0,1442587340466,
en:Quintessence,Quintessence,quintessence,en,0,1442571000024,
en:travesty,travesty,travesty,en,0,1442577880865,
en:tripe,tripe,tripe,en,0,1442585103189,
en:smartly,smartly,smartly,en,0,1442396967132,
en:Opals,Opals,opal,en,0,1442564810699,
en:phoenix,phoenix,phoenix,en,0,1442607557807,
en:fly,fly,fly,en,0,1442988853131,
en:rattling,rattling,rattling,en,0,1442579579199,
en:affably,affably,affably,en,0,1442578370093,
en:writhe,writhe,writhe,en,0,1442632204177,
en:soppy,soppy,soppy,en,0,1442630179903,
en:interposed,interposed,interpose,en,0,1442987811451,
en:complacency,complacency,complacency,en,0,1442629897160,
en:aspidistra,aspidistra,aspidistra,en,0,1442631007870,
en:cistern,cistern,cistern,en,0,1442594435341,
en:tremulous,tremulous,tremulous,en,0,1442629555208,
en:succumb,succumb,succumb,en,0,1443286797747,
en:writhing,writhing,writhe,en,0,1443286885527,
en:potion,potion,potion,en,0,1443288382426,
en:nugatory,nugatory,nugatory,en,0,1443641000263,
en:ingenuity,ingenuity,ingenuity,en,0,1443641092705,
en:parochial,parochial,parochial,en,0,1443673174412,
en:plaque,plaque,plaque,en,0,1443729020991,
en:quixotic,quixotic,quixotic,en,0,1443641165101,
en:solipsistic,solipsistic,solipsistic,en,0,1443641120282,
en:munificent,munificent,munificent,en,0,1443640912665,
en:sophomoric,sophomoric,sophomoric,en,0,1443641180093,
en:undue,undue,undue,en,0,1443641204035,
en:literati,literati,literati,en,0,1443673142547,
en:snippets,snippets,snippet,en,0,1443845456339,
en:iteration,iteration,iteration,en,0,1443641100426,
en:personable,personable,personable,en,0,1443640938997,
en:arresting,arresting,arresting,en,0,1443641197397,
en:mendacious,mendacious,mendacious,en,0,1443641071869,
en:presumption,presumption,presumption,en,0,1443845311857,
en:cabal,cabal,cabal,en,0,1444283687542,
en:faux,faux,faux,en,0,1443881755479,
en:kissing,kissing,kiss,en,0,1443846715787,
en:moldering,moldering,molder,en,0,1443847090503,
en:mulish,mulish,mulish,en,0,1444109635734,
en:acclimatize,acclimatize,acclimatize,en,0,1444276449714,
en:Hallows,Hallows,hallow,en,0,1444110335332,
en:cluttered,cluttered,clutter,en,0,1443881135314,
en:facile,facile,facile,en,0,1444283681858,
en:two,two,two,en,0,1443887209698,
en:tentative,tentative,tentative,en,0,1444108787381,
en:dogmatically,dogmatically,dogmatically,en,0,1444109650952,
en:mahogany,mahogany,mahogany,en,0,1443729009598,
en:solicitousness,solicitousness,solicitousness,en,0,1444016179678,
en:plumbed,plumbed,plumb,en,0,1444452981599,
en:roared,roared,roar,en,0,1444580450219,
en:the Great,the Great,the Great,en,0,1444548949457,
en:divined,divined,divine,en,0,1444452647226,
en:sycophantically,sycophantically,sycophantically,en,0,1444108965586,
en:bucolic,bucolic,bucolic,en,0,1446048335405,
en:somehow,somehow,somehow,en,0,1447200695665,
en:Sufferings,Sufferings,suffering,en,0,1447171527166,
en:lodges,lodges,Lodge,en,0,1447171649618,
en:chemises,chemises,chemise,en,0,1449118501345,
en:distemper,distemper,distemper,en,0,1447201838124,
en:carbolic,carbolic,carbolic,en,0,1449123287498,
en:accusations,accusations,accusation,en,0,1447171281752,
en:slightest,slightest,slight,en,0,1447171190280,
en:circular,circular,circular,en,0,1447171988705,
en:plunged,plunged,plunge,en,0,1447202311768,
en:devastating,devastating,devastating,en,0,1447202480741,
en:idly,idly,idly,en,0,1447201788967,
en:maladies,maladies,malady,en,0,1447171562423,
en:indolently,indolently,indolently,en,0,1447172164971,
en:fatal,fatal,fatal,en,0,1447171544980,
en:scourge,scourge,scourge,en,0,1447202489188,
en:blighty,blighty,blighty,en,0,1449122755001,
en:Indubitably,Indubitably,indubitably,en,0,1450971340181,
en:canaille,canaille,canaille,en,0,1451039591060,
en:bridled,bridled,bridle,en,0,1451014620621,
en-GB:convalescing,convalescing,convalesce,en-GB,0,1449727801571,
en:Sanatorium,Sanatorium,sanatorium,en,0,1451014310051,
en:conceited,conceited,conceited,en,0,1451019837755,
en:alkaloid,alkaloid,alkaloid,en,0,1450790053457,
en:skat,skat,skat,en,0,1449122609248,
en:bourgeois,bourgeois,bourgeois,en,0,1451039637092,
en:dixie,dixie,dixie,en,0,1449121306249,
en:courant,courant,courant,en,0,1451021731422,
en:ignoble,ignoble,ignoble,en,0,1451039609199,
en:billets,billets,billet,en,0,1449123322303,
en:quiescence,quiescence,quiescence,en,0,1451014665067,
en:sanatorium,sanatorium,sanatorium,en,0,1449727774219,
en:libel,libel,libel,en,0,1451036095150,
en:abstemious,abstemious,abstemious,en,0,1450798146013,
en:morphia,morphia,morphia,en,0,1449431838103,
en:martinets,martinets,martinet,en,0,1449122911016,
en:vicarage,vicarage,vicarage,en,0,1451037335104,
en:archly,archly,archly,en,0,1451035872635,
en:pierrot,pierrot,Pierrot,en,0,1451035623000,
en:port,port,port,en,0,1451033825699,
en:equinoctial,equinoctial,equinoctial,en,0,1451021278096,
en:chaffed,chaffed,chaff,en,0,1450971139622,
en:forrader,forrader,forrader,en,0,1451021260744,
en:gambit,gambit,gambit,en,0,1451033628133,
en:mendaciously,mendaciously,mendaciously,en,0,1451014614847,
en:mornings,mornings,mornings,en,0,1455726471106,
en-GB:especially,especially,especially,en-GB,0,1455726503350,
en:leaden,leaden,leaden,en,0,1457713323834,
en:noun,noun,noun,en,0,1455972275825,
en:nip,nip,nip,en,0,1457597761518,
en:progeny,progeny,progeny,en,0,1457713127411,
en:panic,panic,panic,en,0,1457583885861,
en:rumination,rumination,rumination,en,0,1457667646187,
en:clout,clout,clout,en,0,1457597778649,
en:hoplites,hoplites,hoplite,en,0,1457582410169,
en:nouns,nouns,noun,en,0,1455972268891,
en:sundry,sundry,sundry,en,0,1457667628196,
en:chrysalids,chrysalids,chrysalid,en,0,1457713741639,
en:like,like,like,en,0,1457777765539,
en:pageant,pageant,pageant,en,0,1457837408749,
en:exaggerate,exaggerate,exaggerate,en,0,1457713640143,
en:penetratingly,penetratingly,penetratingly,en,0,1457713061212,
en:propitious,propitious,propitious,en,0,1457837537715,
en:verisimilitude,verisimilitude,verisimilitude,en,0,1457843803005,
en:convolutions,convolutions,convolution,en,0,1457713424994,
en:sirocco,sirocco,sirocco,en,0,1457780196900,
en:subsidized,subsidized,subsidize,en,0,1457760743967,
en:yashmaks,yashmaks,yashmak,en,0,1457777546723,
en:simmer,simmer,simmer,en,0,1457774229096,
en:lugubriously,lugubriously,lugubriously,en,0,1457774348212,
en:virago,virago,virago,en,0,1457773522617,
en:mallard,mallard,mallard,en,0,1457842538048,
en:parlance,parlance,parlance,en,0,1457842485932,
en:impressionable,impressionable,impressionable,en,0,1457713034572,
en:Rabelais,Rabelais,Rabelais,en,0,1457770125983,
en:trying,trying,trying,en,0,1457778397307,
en:Le Fanu,Le Fanu,Le Fanu,en,0,1457776015502,
en:groundsel,groundsel,groundsel,en,0,1458100266893,
en:gird,gird,gird,en,0,1457770418271,
en:linen,linen,linen,en,0,1457760861386,
en:wheeze,wheeze,wheeze,en,0,1457769507401,
en:shoals,shoals,shoals,en,0,1457772376546,
en:vases,vases,vase,en,0,1458100872361,
en:spaniel,spaniel,spaniel,en,0,1457778234272,
en:bows,bows,bows,en,0,1457798161271,
en:taxidermy,taxidermy,taxidermy,en,0,1457797568751,
en:Villa,Villa,Villa,en,0,1457777963481,
en:insidiously,insidiously,insidiously,en,0,1457797373078,
en:myrtles,myrtles,myrtle,en,0,1457768393411,
en:hobbledehoys,hobbledehoys,hobbledehoy,en,0,1457770103702,
en:camel,camel,camel,en,0,1457843683909,
en:besmirch,besmirch,besmirch,en,0,1457843328123,
en:flimsy,flimsy,flimsy,en,0,1457776927053,
en:supercilious,supercilious,supercilious,en,0,1457770177180,
en:rumba,rumba,rumba,en,0,1457779086475,
en:Tennyson,Tennyson,Tennyson,en,0,1457841619840,
en:agog,agog,agog,en,0,1457770339608,
en:Fabre,Fabre,Fabre,en,0,1457776035294,
en:consternation,consternation,consternation,en,0,1457780710524,
en:clover,clover,clover,en,0,1457779989322,
en:Herculean,Herculean,Herculean,en,0,1457770391949,
en:erysipelas,erysipelas,erysipelas,en,0,1457780726282,
en:martyred,martyred,martyred,en,0,1457768456352,
en:galleons,galleons,galleon,en,0,1457771760976,
en:bout,bout,bout,en,0,1457778261093,
en:snipe,snipe,snipe,en,0,1457842269409,
en:bulletin,bulletin,bulletin,en,0,1457773536362,
en:fiesta,fiesta,fiesta,en,0,1457769158860,
en:trellis-work,trellis-work,trelliswork,en,0,1457773705753,
en:condescension,condescension,condescension,en,0,1457777093287,
en:Widdle,Widdle,widdle,en,0,1457840580613,
en:insolence,insolence,insolence,en,0,1457841217346,
en:unctuously,unctuously,unctuously,en,0,1457776780126,
en:cortège,cortège,cortège,en,0,1457776728040,
en:woodcock,woodcock,woodcock,en,0,1457842304673,
en:Gollys,Gollys,golly,en,0,1457760939860,
en:porpoise,porpoise,porpoise,en,0,1457798283748,
en:exuberance,exuberance,exuberance,en,0,1457768407873,
en:tangerine,tangerine,tangerine,en,0,1457768117116,
en:champion,champion,champion,en,0,1457761114727,
en:charladies,charladies,charlady,en,0,1457843974839,
en:organdie,organdie,organdie,en,0,1457843482508,
en:coup de grâce,coup de grâce,coup de grâce,en,0,1457842849775,
en:bats,bats,bats,en,0,1457843830822,
en:sonofabitch,sonofabitch,sonofabitch,en,0,1457761008265,
en:shibboleths,shibboleths,shibboleth,en,0,1457781224943,
en:belligerently,belligerently,belligerently,en,0,1457837142773,
en:effeminate,effeminate,effeminate,en,0,1457757602246,
en:candidly,candidly,candidly,en,0,1457843846546,
en:Bushel,Bushel,bushel,en,0,1457770068734,
en:throng,throng,throng,en,0,1457840482953,
en:tiers,tiers,tier,en,0,1457757233788,
en:chaperones,chaperones,chaperone,en,0,1457777503180,
en:harpy,harpy,harpy,en,0,1457843872966,
en:overdraft,overdraft,overdraft,en,0,1457842439871,
en:scimitar,scimitar,scimitar,en,0,1457774142098,
en:Ulysses,Ulysses,Ulysses,en,0,1457797796564,
en:vulpine,vulpine,vulpine,en,0,1457770287644,
en:romp,romp,romp,en,0,1457841715945,
en:assiduously,assiduously,assiduously,en,0,1457776250891,
en:primly,primly,primly,en,0,1457770157723,
en:regally,regally,regally,en,0,1457769473980,
en:coverlet,coverlet,coverlet,en,0,1457772462219,
en:flashed,flashed,flash,en,0,1457759025163,
en:degenerate,degenerate,degenerate,en,0,1457841096128,
en:Quasimodo,Quasimodo,Quasimodo,en,0,1457769790912,
en:corsets,corsets,corset,en,0,1457843141879,
en:Cicely,Cicely,cicely,en,0,1457845009403,
en:menagerie,menagerie,menagerie,en,0,1457770003722,
en:cypress,cypress,cypress,en,0,1457759729368,
en:viscera,viscera,viscera,en,0,1457844171373,
en:loquats,loquats,loquat,en,0,1458100832453,
en:promontory,promontory,promontory,en,0,1457773204077,
en:impenitently,impenitently,impenitently,en,0,1457773971175,
en:flotsam,flotsam,flotsam,en,0,1457842211562,
en:debris,debris,debris,en,0,1457758314622,
en:twanging,twanging,twang,en,0,1462459156271,
en-GB:sagacious,sagacious,sagacious,en-GB,0,1458644628285,
en:armor,armor,armor,en,0,1462794303891,
en:weirdest,weirdest,weird,en,0,1462458569554,
en:Muggles,Muggles,muggle,en,0,1462382221076,
en:Weird,Weird,weird,en,0,1462793384011,
en:blonde,blonde,blonde,en,0,1462381436243,
en:smuggle,smuggle,smuggle,en,0,1462521936473,
en:mantelpiece,mantelpiece,mantelpiece,en,0,1462407778545,
en:Smelting,Smelting,smelt,en,0,1462459379350,
en:trouble,trouble,trouble,en,0,1462557182253,
en:shredded,shredded,shred,en,0,1462460516726,
en:Notable,Notable,notable,en,0,1462792851974,
en:enraged,enraged,enraged,en,0,1462381871827,
en:sneaking,sneaking,sneaking,en,0,1462458402976,
en-GB:sagacity,sagacity,sagacity,en-GB,0,1458644623163,
en:duels,duels,duel,en,0,1462691817829,
en:quills,quills,quills,en,0,1462679357200,
en:bewildered,bewildered,bewildered,en,0,1462690876216,
en:persuade,persuade,persuade,en,0,1462404051235,
en:blackboard,blackboard,blackboard,en,0,1462691128860,
en:library,library,library,en,0,1462794273748,
en:Peeves,Peeves,peeve,en,0,1462968569251,
en:exasperated,exasperated,exasperate,en,0,1462404199902,
en:swear,swear,swear,en,0,1462459555296,
en:mattress,mattress,mattress,en,0,1462726948682,
en:grin,grin,grin,en,0,1462382446868,
en:Cauldron,Cauldron,cauldron,en,0,1462514634442,
en:skimming,skimming,skimming,en,0,1462967211882,
en:dawn,dawn,dawn,en,0,1462890690474,
en:fed,fed,fed,en,0,1462889600030,
en:bewitched,bewitched,bewitch,en,0,1462892998150,
en:Masons,Masons,Mason,en,0,1463060170938,
en:hurtled,hurtled,hurtle,en,0,1462981636563,
en:stared,stared,stare,en,0,1462459353424,
en:reckon,reckon,reckon,en,0,1462981721880,
en:spying,spying,spy,en,0,1462381472154,
en:SEIZE,SEIZE,seize,en,0,1462973493848,
en:pixies,pixies,pixie,en,0,1463326994944,
en:worrying,worrying,worrying,en,0,1463470246868,
en:tantrum,tantrum,tantrum,en,0,1463468785035,
en:Whomping,Whomping,whomp,en,0,1463240578245,
en:doughnut,doughnut,doughnut,en,0,1463469679995,
en:whine,whine,whine,en,0,1463248356163,
en:whisperers,whisperers,whisperer,en,0,1463469829797,
en:clutching,clutching,clutch,en,0,1463469665905,
en:except,except,except,en,0,1463427406417,
en:Privet,Privet,privet,en,0,1463468893624,
en:swelled,swelled,swell,en,0,1463152374022,
en:prone,prone,prone,en,0,1463163975124,
en:BURROW,BURROW,burrow,en,0,1463104770401,
en:shrieking,shrieking,shrieking,en,0,1463240240071,
en:Myrtle,Myrtle,myrtle,en,0,1463383043639,
en:screaming,screaming,scream,en,0,1463468730194,
en:bemusedly,bemusedly,bemusedly,en,0,1463327568866,
en:hummed,hummed,hum,en,0,1463468680928,
en:whispering,whispering,whisper,en,0,1463469118828,
en:stroked,stroked,stroke,en,0,1463470127889,
en:dull,dull,dull,en,0,1463468613620,
en:stopped,stopped,stop,en,0,1463994013588,
en:Harold,Harold,Harold,en,0,1463470206782,
en:bear,bear,bear,en,0,1463469024490,
en:Dueling,Dueling,duel,en,0,1463621325324,
en:cereal,cereal,cereal,en,0,1463468799563,
en:drills,drills,drill,en,0,1463468977533,
en:hauled,hauled,haul,en,0,1463492989185,
en:peculiar,peculiar,peculiar,en,0,1463468862714,
en:Harvey,Harvey,Harvey,en,0,1463470180893,
en:wrestled,wrestled,wrestle,en,0,1463468719891,
en:small,small,small,en,0,1463680273121,
en:cloaks,cloaks,cloaks,en,0,1463469559208,
en:leads,leads,leads,en,0,1463719556632,
en:quill,quill,quill,en,0,1463985370322,
en:seized,seized,seize,en,0,1463469866992,
en:chortled,chortled,chortle,en,0,1463468821597,
en:Gerund,Gerund,gerund,en,0,1463997580539,
en:Major,Major,Major,en,0,1464270941745,
en:fainted,fainted,faint,en,0,1464230760336,
en:falcon,falcon,falcon,en,0,1464287371466,
en:screamed,screamed,scream,en,0,1464230324531,
en:talons,talons,talon,en,0,1464444170120,
en:bald,bald,bald,en,0,1464176896584,
en:Boggart,Boggart,boggart,en,0,1464488282701,
en:wreckage,wreckage,wreckage,en,0,1464664823275,
en:baccy,baccy,baccy,en,0,1464029753083,
en:delicate,delicate,delicate,en,0,1464231037421,
en:disdainful,disdainful,disdainful,en,0,1464444020644,
en:Nominative,Nominative,nominative,en,0,1463997736565,
en:smirk,smirk,smirk,en,0,1464098179666,
en:Shrinking,Shrinking,shrinking,en,0,1464488405474,
en:applause,applause,applause,en,0,1464314061432,
en:strut,strut,strut,en,0,1464801398583,
en:scrounger,scrounger,scrounger,en,0,1464098957338,
en:clause,clause,clause,en,0,1464018498938,
en:malignant,malignant,malignant,en,0,1464029301122,
en:Liberation,Liberation,liberation,en,0,1465515056586,
en:ferret,ferret,ferret,en,0,1465145908594,
en:scar,scar,scar,en,0,1465304008303,
en:send,send,send,en,0,1466201631791,
en:pal,pal,pal,en,0,1465868010161,
en:liberal,liberal,liberal,en,0,1465866596037,
en:queue,queue,queue,en,0,1465083025790,
en:Apparition,Apparition,apparition,en,0,1464935548524,
en:nymphs,nymphs,nymph,en,0,1465815569717,
en:Scoop,Scoop,scoop,en,0,1465866555140,
en:concerned,concerned,concerned,en,0,1465816529257,
en:sorely,sorely,sorely,en,0,1465909248061,
en:dressing,dressing,dressing,en,0,1465576275323,
en:when,when,when,en,0,1465106038642,
en:creepy,creepy,creepy,en,0,1465815846226,
en:buoyant,buoyant,buoyant,en,0,1465046730408,
en:flee,flee,flee,en,0,1465816533691,
en:tactless,tactless,tactless,en,0,1465909508646,
en:scorpions,scorpions,scorpions,en,0,1465319888134,
en:weasel,weasel,weasel,en,0,1467191682925,
en:cactus,cactus,cactus,en,0,1467191792028,
en:weirdos,weirdos,weirdo,en,0,1467305076491,
en:THE,THE,the,en,0,1466929828822,
en:there,there,there,en,0,1466860217407,
en:Tired,Tired,tired,en,0,1466379152780,
en:untie,untie,untie,en,0,1466480771595,
en:Hearing,Hearing,hearing,en,0,1466942638528,
en:BLACK,BLACK,Black,en,0,1466929798253,
en:Decree,Decree,decree,en,0,1467511707976,
en:Serpent,Serpent,Serpent,en,0,1467542589005,
en:camped,camped,camp,en,0,1466929880039,
en:She,She,she,en,0,1466928872991,
en:Snuffles,Snuffles,snuffle,en,0,1466200364423,
en:dogging,dogging,dog,en,0,1467119549891,
en:cheeks,cheeks,cheek,en,0,1467372975153,
en:Atrium,Atrium,atrium,en,0,1466935043861,
en:PUR,PUR,pur-,en,0,1466929769762,
en:red-handed,red-handed,red-handed,en,0,1468077093753,
en:tripped,tripped,trip,en,0,1467641295819,
en:disarmed,disarmed,disarm,en,0,1467542605972,
en:messing,messing,mess,en,0,1467850783597,
en:sullens,sullens,sullens,en,0,1467864602565,
en:Bay,Bay,bay,en,0,1467908943789,
en:Hog,Hog,hog,en,0,1467508735946,
en:did,did,did,en,0,1467815591434,
en:Gits,Gits,git,en,0,1467729733602,
en:Inquisitor,Inquisitor,inquisitor,en,0,1467477463231,
en:first,first,first,en,0,1467931857565,
en:Fuming,Fuming,fume,en,0,1467820248893,
en:gruesome,gruesome,gruesome,en,0,1467851025496,
en:Chapter,Chapter,chapter,en,0,1467811722017,
en:taint,taint,taint,en,0,1467811797946,
en:awful,awful,awful,en,0,1467934068238,
en:my,my,my,en,0,1467934124120,
en:through,through,through,en,0,1467539671476,
en:nag,nag,nag,en,0,1469171432479,
en:paddock,paddock,paddock,en,0,1469200928760,
en:flaw,flaw,flaw,en,0,1468892116177,
en:ravine,ravine,ravine,en,0,1469073780235,
en:Blubber,Blubber,blubber,en,0,1469077298612,
en:Tweak,Tweak,tweak,en,0,1469077320622,
en:fixed,fixed,fixed,en,0,1469077708003,
en:fudge,fudge,fudge,en,0,1469169372161,
en:mauve,mauve,mauve,en,0,1469073861804,
en:troll,troll,troll,en,0,1469085892628,
en:Oddment,Oddment,oddment,en,0,1469077314157,
en:Nitwit,Nitwit,nitwit,en,0,1469077293766,
en:catcalling,catcalling,catcall,en,0,1469077038694,
en:stoat,stoat,stoat,en,0,1469171910540,
en:fervently,fervently,fervently,en,0,1469612599594,
en:four-posters,four-posters,four-poster,en,0,1469077881249,
en:haggis,haggis,haggis,en,0,1469304706566,
en:glutinous,glutinous,glutinous,en,0,1469479225336,
en:stark,stark,stark,en,0,1469425168109,
en:dregs,dregs,dregs,en,0,1469381843710,
en:flogging,flogging,flog,en,0,1469381770069,
en:perchance,perchance,perchance,en,0,1469786236342,
en:together,together,together,en,0,1464019592758,
en:poufs,poufs,pouf,en,0,1469812507768,
en:shins,shins,shin,en,0,1469641134258,
en:boomslang,boomslang,boomslang,en,0,1469375699625,
en:gnomes,gnomes,gnome,en,0,1469199021771,
en:crumpets,crumpets,crumpet,en,0,1469680872101,
en:moors,moors,Moor,en,0,1469254860767,
en:straggling,straggling,straggle,en,0,1469199162199,
en:swilled,swilled,swill,en,0,1469813020987,
en:Potty,Potty,potty,en,0,1469732783076,
en:fancies,fancies,fancy,en,0,1469198957737,
en:oily,oily,oily,en,0,1469201300226,
en:thrall,thrall,thrall,en,0,1462900188376,
en:wizened,wizened,wizened,en,0,1469680711199,
en:apoplectic,apoplectic,apoplectic,en,0,1469382170940,
en:knaves,knaves,knave,en,0,1469786227352,
en:skiving,skiving,skive,en,0,1469942738950,
en:comeuppance,comeuppance,comeuppance,en,0,1469479099331,
en:wheezing,wheezing,wheeze,en,0,1469424320993,
en:Pasties,Pasties,pastie,en,0,1469075265820,
en:smarmiest,smarmiest,smarmy,en,0,1469567946070,
en:derisively,derisively,derisively,en,0,1457841478587,
en:merchandise,merchandise,merchandise,en,0,1457760878931,
en:dilettante,dilettante,dilettante,en,0,1469959451287,
en:shrine,shrine,shrine,en,0,1469968596503,
en:discombobulated,discombobulated,discombobulate,en,0,1469960338791,
en:lumbago,lumbago,lumbago,en,0,1470504488235,
en:abysmally,abysmally,abysmally,en,0,1470156482111,
en:shirty,shirty,shirty,en,0,1470080297946,
en:galoshes,galoshes,galosh,en,0,1470465398817,
en:Menagerie,Menagerie,menagerie,en,0,1470080718204,
en:salamanders,salamanders,salamander,en,0,1470075720470,
en:shamrocks,shamrocks,shamrock,en,0,1470555357647,
en:warlocks,warlocks,warlock,en,0,1469999606164,
en:Scurvy,Scurvy,scurvy,en,0,1470075067299,
en:sequined,sequined,sequined,en,0,1470001789356,
en:leeks,leeks,leek,en,0,1470158278844,
en:Eclectic,Eclectic,Eclectic,en,0,1470462055043,
en:pent-up,pent-up,pent-up,en,0,1470913752318,
en:master,master,master,en,0,1470756673798,
en:Boomslang,Boomslang,boomslang,en,0,1470989214531,
en:plait,plait,plait,en,0,1470862566029,
en:codger,codger,codger,en,0,1470919275826,
en:liqueurs,liqueurs,liqueur,en,0,1470936173409,
en:pompously,pompously,pompously,en,0,1470601621625,
en:casket,casket,casket,en,0,1470906846223,
en:pensive,pensive,pensive,en,0,1470860265755,
en:darned,darned,darned,en,0,1471542937652,
en:patronizing,patronizing,patronize,en,0,1470914718409,
en:stature,stature,stature,en,0,1470852886039,
en:Robe,Robe,robe,en,0,1471040388618,
en:curtsying,curtsying,curtsy,en,0,1470918924287,
en:amicably,amicably,amicably,en,0,1470936728497,
en:desisted,desisted,desist,en,0,1470914680039,
en:casserole,casserole,casserole,en,0,1470853328403,
en:cricked,cricked,Crick,en,0,1471391131423,
en:cuffing,cuffing,cuff,en,0,1470861399952,
en:barmy,barmy,barmy,en,0,1470919270890,
en:austere,austere,austere,en,0,1471391016919,
en:bilge,bilge,bilge,en,0,1471391537476,
en:Undersecretary,Undersecretary,undersecretary,en,0,1471391092349,
en:detritus,detritus,detritus,en,0,1471626964707,
en:heavily,heavily,heavily,en,0,1471598929270,
en:alternately,alternately,alternately,en,0,1471261718606,
en:ominously,ominously,ominously,en,0,1471559027684,
en:ejaculated,ejaculated,ejaculate,en,0,1471599456449,
en:rhapsodizing,rhapsodizing,rhapsodize,en,0,1471392880362,
en:spite,spite,spite,en,0,1471335482341,
en:frisson,frisson,frisson,en,0,1471332844993,
en:sepulchral,sepulchral,sepulchral,en,0,1471390873861,
en:covetous,covetous,covetous,en,0,1471335113112,
en:Pests,Pests,pest,en,0,1471334808788,
en:appraisingly,appraisingly,appraisingly,en,0,1471391894687,
en:dottiness,dottiness,dottiness,en,0,1471393910097,
en:listlessly,listlessly,listlessly,en,0,1471598013344,
en:snogging,snogging,snog,en,0,1471336305768,
en:impression,impression,impression,en,0,1471332625247,
en:via,via,via,en,0,1471332148298,
en:churlish,churlish,churlish,en,0,1471641804110,
en:sniggered,sniggered,snigger,en,0,1471685253903,
en:thump,thump,thump,en,0,1471641853669,
en:dodgy,dodgy,dodgy,en,0,1471640343983,
en:funny,funny,funny,en,0,1471684389781,
en:slopped,slopped,slop,en,0,1471641548381,
en:tinsel,tinsel,tinsel,en,0,1471772001246,
en:coolly,coolly,coolly,en,0,1471637265986,
en:hovel,hovel,hovel,en,0,1471769556042,
en:acidly,acidly,acidly,en,0,1471601164712,
en:cheeked,cheeked,cheeked,en,0,1471212640506,
en:pouf,pouf,pouf,en,0,1471685084922,
en:toerags,toerags,toerag,en,0,1471638082073,
en:drearily,drearily,drearily,en,0,1471685316776,
en:derisive,derisive,derisive,en,0,1471685945661,
en:fluke,fluke,fluke,en,0,1471639770606,
en:titchy,titchy,titchy,en,0,1471559051282,
en:buttocks,buttocks,buttock,en,0,1471294277259,
en:foals,foals,foal,en,0,1471898918725,
en:doggy-paddle,doggy-paddle,doggy-paddle,en,0,1471813578641,
en:Deflagration,Deflagration,deflagration,en,0,1471844424454,
en:bloomers,bloomers,bloomers,en,0,1471794939262,
en:chintz,chintz,chintz,en,0,1471775189431,
en:torpid,torpid,torpid,en,0,1471900603722,
en:vindictive,vindictive,vindictive,en,0,1471861529686,
en:Remedial,Remedial,remedial,en,0,1471844728537,
en:breathless,breathless,breathless,en,0,1471947698733,
en:inflection,inflection,inflection,en,0,1471898799948,
en:ado,ado,ado,en,0,1471727768925,
en:loggerheads,loggerheads,loggerhead,en,0,1471773199987,
en:talisman,talisman,talisman,en,0,1471728228385,
en:paroxysms,paroxysms,paroxysm,en,0,1471814715104,
en:waspish,waspish,waspish,en,0,1471796867776,
en:deluged,deluged,deluge,en,0,1471945485145,
en:genially,genially,genially,en,0,1471799988620,
en:mortified,mortified,mortify,en,0,1471800433488,
en:Wotcher,Wotcher,wotcher,en,0,1472121028080,
en:stoking,stoking,stoke,en,0,1471860320693,
en:pestilential,pestilential,pestilential,en,0,1472080856616,
en-GB:lascivious,lascivious,lascivious,en-GB,0,1472124039170,
en:proffered,proffered,proffer,en,0,1472080216563,
en:agapanthus,agapanthus,agapanthus,en,0,1472079398647,
en:leering,leering,leer,en,0,1472124012687,
en:solicitously,solicitously,solicitously,en,0,1472080265718,
en:airily,airily,airily,en,0,1472120844531,
en:gerbil,gerbil,gerbil,en,0,1472032332472,
en:lapdog,lapdog,lapdog,en,0,1471799630018,
en:silkily,silkily,silkily,en,0,1471796929010,
en:simper,simper,simper,en,0,1472062149927,
en:they're,they're,they're,en,0,1472132727359,
en:conversationally,conversationally,conversationally,en,0,1472122646476,
en:slack,slack,slack,en,0,1471900624689,
en:battalion,battalion,battalion,en,0,1472123511980,
en:pigheadedness,pigheadedness,pig-headedness,en,0,1472127896681,
en:lilac,lilac,lilac,en,0,1472130081102,
en:tunic,tunic,tunic,en,0,1472161074225,
en:livid,livid,livid,en,0,1472257557715,
en:onerous,onerous,onerous,en,0,1472205762845,
en:heirlooms,heirlooms,heirloom,en,0,1472160441928,
en:portly,portly,portly,en,0,1472205648447,
en:tartly,tartly,tartly,en,0,1472131068432,
en:wryly,wryly,wryly,en,0,1472162040068,
en:bogeys,bogeys,bogey,en,0,1472132631990,
en:exuded,exuded,exude,en,0,1472130115003,
en:Aunt,Aunt,aunt,en,0,1472204371424,
en:dudgeon,dudgeon,dudgeon,en,0,1472162385405,
en:sinuously,sinuously,sinuously,en,0,1472328207440,
en:pirouette,pirouette,pirouette,en,0,1472333628925,
en:scrupulously,scrupulously,scrupulously,en,0,1472127806384,
en:snorted,snorted,snort,en,0,1472128043748,
en:Dobbin,Dobbin,dobbin,en,0,1472204019135,
en:humoring,humoring,humor,en,0,1472125412142,
en:stiffly,stiffly,stiffly,en,0,1472129359112,
en:scuppered,scuppered,scupper,en,0,1472453913348,
en:weedy,weedy,weedy,en,0,1472132381702,
en:drape,drape,drape,en,0,1472462651473,
en:grimaced,grimaced,grimace,en,0,1472126179939,
en:lace,lace,lace,en,0,1472481993518,
en:annotations,annotations,annotation,en,0,1472129980133,
en:trout,trout,trout,en,0,1472484214601,
en:stimulant,stimulant,stimulant,en,0,1472546627893,
en:story,story,story,en,0,1472484608069,
en:precociously,precociously,precociously,en,0,1472543253616,
en:tentatively,tentatively,tentatively,en,0,1472489982089,
en:Fetching,Fetching,fetching,en,0,1472549425312,
en:blackthorn,blackthorn,blackthorn,en,0,1472548142565,
en:Presumption,Presumption,presumption,en,0,1472547111114,
en:infusion,infusion,infusion,en,0,1472549586435,
en:squit,squit,SQUID,en,0,1472460782428,
en:geranium,geranium,geranium,en,0,1472126417521,
en:ballad,ballad,ballad,en,0,1472204921801,
en:nickname,nickname,nickname,en,0,1472364965019,
en:rucksack,rucksack,rucksack,en,0,1472452556276,
en:Rapier,Rapier,rapier,en,0,1472576165072,
en:contingent,contingent,contingent,en,0,1472461588361,
en:lynx,lynx,lynx,en,0,1472484785394,
en:basilisk,basilisk,basilisk,en,0,1472576213147,
en:mulch,mulch,mulch,en,0,1472414190014,
en:rancorous,rancorous,rancorous,en,0,1472580032147,
en:Taboo,Taboo,taboo,en,0,1472547905030,
en:driftwood,driftwood,driftwood,en,0,1472581832659,
en:till,till,till,en,0,1472537436419,
en:greengrocers,greengrocers,greengrocer,en,0,1472493550631,
en:grizzled,grizzled,grizzled,en,0,1472479067712,
en:somber,somber,somber,en,0,1472547816914,
en:bogies,bogies,bogie,en,0,1472454616684,
en:dolefully,dolefully,dolefully,en,0,1472543589226,
en:heliotrope,heliotrope,heliotrope,en,0,1472491584091,
en:gormless,gormless,gormless,en,0,1472481045113,
en:hitherto,hitherto,hitherto,en,0,1472673623815,
en:dapper,dapper,dapper,en,0,1472549026844,
en-GB:godparent,godparent,godparent,en-GB,0,1472582166013,
en:meteoric,meteoric,meteoric,en,0,1472414450896,
en:protracted,protracted,protracted,en,0,1472671970233,
en:unsullied,unsullied,unsullied,en,0,1472708091631,
en:berk,berk,berk,en,0,1472585413764,
en:epitaph,epitaph,epitaph,en,0,1472671852103,
en:scruples,scruples,scruple,en,0,1472705292411,
en:besom,besom,besom,en,0,1472586847562,
en:dittany,dittany,dittany,en,0,1472584456786,
en:subsuming,subsuming,subsume,en,0,1472579466503,
en:curio,curio,curio,en,0,1472671616917,
en:fraught,fraught,fraught,en,0,1472582354092,
en:engaging,engaging,engaging,en,0,1472671425023,
en:irony,irony,irony,en,0,1472671809934,
en:thickset,thickset,thickset,en,0,1472478906529,
en:rook,rook,rook,en,0,1472548513186,
en:streamers,streamers,streamer,en,0,1472462614118,
en:sardonic,sardonic,sardonic,en,0,1472671783240,
en:board,board,board,en,0,1472835644583,
en:skulduggery,skulduggery,skulduggery,en,0,1472582683015,
en:efficacious,efficacious,efficacious,en,0,1472834637868,
en:volition,volition,volition,en,0,1472673022637,
en:co-operative,co-operative,co-operative,en,0,1472834530968,
en:uppish,uppish,uppish,en,0,1472835267386,
en:renege,renege,renege,en,0,1472582443021,
en:ague,ague,ague,en,0,1472834279559,
en:cloy,cloy,cloy,en,0,1472838045913,
en:wry,wry,wry,en,0,1472582480559,
en:enigma,enigma,enigma,en,0,1472835520770,
en-GB:fillet,fillet,fillet,en-GB,0,1472834778675,
en:relief,relief,relief,en,0,1472710005685,
en:stricken,stricken,stricken,en,0,1472671508460,
en:Garn,Garn,gar,en,0,1472586865986,
en:answer,answer,answer,en,0,1472586320886,
en:overbalanced,overbalanced,overbalance,en,0,1472587676115,
en:reprieved,reprieved,reprieve,en,0,1472670189501,
en:herculean,herculean,Herculean,en,0,1472836810939,
en:lustily,lustily,lustily,en,0,1472837332516,
en:bally,bally,bally,en,0,1472835746648,
en:Worcester,Worcester,Worcester,en,0,1472836354153,
en:corncrake,corncrake,corncrake,en,0,1472836085346,
en:round,round,round,en,0,1472836723188,
en-GB:wax,wax,wax,en-GB,0,1472843785592,
en:charwoman,charwoman,charwoman,en,0,1472837971813,
en:leeward,leeward,leeward,en,0,1472835224613,
en:humpy,humpy,humpy,en,0,1472834941182,
en-GB:shale,shale,shale,en-GB,0,1472843906229,
en:swell,swell,swell,en,0,1472843685225,
en:church-yard,church-yard,churchyard,en,0,1472843641169,
en:Æolian,Æolian,aeolian,en,0,1472838124453,
en:tackle,tackle,tackle,en,0,1472838277348,
en:Hark,Hark,hark,en,0,1472836418428,
en:flirting,flirting,flirt,en,0,1472845344890,
en:Gadzooks,Gadzooks,gadzooks,en,0,1472846263387,
en:jam,jam,jam,en,0,1472844070092,
en:untruther,untruther,untruth,en,0,1473097187382,
en:sextons,sextons,sexton,en,0,1473090670786,
en:supper,supper,supper,en,0,1472844806391,
en:chilblains,chilblains,chilblain,en,0,1472847493479,
en:huffy,huffy,huffy,en,0,1473090424247,
en:stroke,stroke,stroke,en,0,1473090496556,
en:broken-winded,broken-winded,broken-winded,en,0,1472844317766,
en:undertaker,undertaker,undertaker,en,0,1472844568378,
en:knock-kneed,knock-kneed,knock-kneed,en,0,1472844248034,
en:steed,steed,steed,en,0,1472844341511,
en:Lock,Lock,lock,en,0,1473015033073,
en:it,it,it,en,0,1472845940459,
en:cocked,cocked,cock,en,0,1474230432220,
en:custards,custards,custard,en,0,1472847532006,
en:somnambulist,somnambulist,somnambulist,en,0,1472844262727,
en:methylated,methylated,methylate,en,0,1474229900989,
en:whelps,whelps,whelps,en,0,1472586904664,
en:castle,castle,castle,en,0,1472127778334,
en:trifle,trifle,trifle,en,0,1472837585375,
en:doesn't,doesn't,doesn't,en,0,1472847395055,
en:coroner,coroner,coroner,en,0,1474230316536,
en:crusty,crusty,crusty,en,0,1474230013180,
en:paraffine,paraffine,paraffin,en,0,1474229782474,
en:slavey,slavey,slavey,en,0,1474231083716,
en:dirges,dirges,dirge,en,0,1474144575358,
en:guineas,guineas,Guinea,en,0,1474230269913,
en:prognosticate,prognosticate,prognosticate,en,0,1472845583113,
en:drawling,drawling,drawl,en,0,1472577056198,
en:trilled,trilled,trill,en,0,1472461674628,
en:trepidation,trepidation,trepidation,en,0,1472576660604,
en:capering,capering,caper,en,0,1472461581773,
en:sherry,sherry,sherry,en,0,1472130545564,
en:eggnog,eggnog,eggnog,en,0,1472205044633,
en:ostentatiously,ostentatiously,ostentatiously,en,0,1472126725912,
en:portentously,portentously,portentously,en,0,1472129558419,
en:mollified,mollified,mollify,en,0,1472483882496,
en:parsnip,parsnip,parsnip,en,0,1472205961253,
en:shufti,shufti,shufti,en,0,1472331675423,
en:surreptitiously,surreptitiously,surreptitiously,en,0,1472331026939,
en:imperiously,imperiously,imperiously,en,0,1472079047382,
en:doss,doss,doss,en,0,1472128159729,
en:vogue,vogue,vogue,en,0,1472205186971,
en:kip,kip,kip,en,0,1472586325005,
en:skint,skint,skint,en,0,1472586711214,
en:cove,cove,cove,en,0,1472535884993,
en:dyspepsia,dyspepsia,dyspepsia,en,0,1473097423401,
en:pantomime,pantomime,pantomime,en,0,1472540225026,
en:consummate,consummate,consummate,en,0,1472459817163,
en:venerable,venerable,venerable,en,0,1472414638154,
en:malediction,malediction,malediction,en,0,1472547420201,
en:DIRIGIBLE,DIRIGIBLE,dirigible,en,0,1472548956911,
en:genteel,genteel,genteel,en,0,1472586874123,
en:opal,opal,opal,en,0,1472159954482,
en:desiccated,desiccated,desiccate,en,0,1472414171009,
en:Baubles,Baubles,bauble,en,0,1472203317536,
en:skullduggery,skullduggery,skullduggery,en,0,1472459912766,
en:weathered,weathered,weathered,en,0,1472540785795,
en:tart,tart,tart,en,0,1472127354963,
en:Gout,Gout,gout,en,0,1472834380500,
en:steak,steak,steak,en,0,1472834718309,
en:tureen,tureen,tureen,en,0,1472490941892,
en:up,up,up,en,0,1472294176765,
en:rhubarb,rhubarb,rhubarb,en,0,1472834701011,
en:worried,worried,worried,en,0,1474230940517,
en:voles,voles,vole,en,0,1470861495502,
en:deferentially,deferentially,deferentially,en,0,1471899613556,
en:dreadlocks,dreadlocks,dreadlocks,en,0,1471393705386,
en:benignly,benignly,benignly,en,0,1471007423021,
en:budgerigars,budgerigars,budgerigar,en,0,1471212001397,
en:palominos,palominos,palomino,en,0,1470862672889,
en:ominous,ominous,ominous,en,0,1471007594890,
en:bigotry,bigotry,bigotry,en,0,1470945130882,
en:glen,glen,glen,en,0,1470756921641,
en:tosh,tosh,tosh,en,0,1471212152541,
en:Balderdash,Balderdash,balderdash,en,0,1470913263902,
en:dunces,dunces,dunce,en,0,1471638475469,
en:asperity,asperity,asperity,en,0,1471560414387,
en:fen,fen,fen,en,0,1470756932846,
en:senile,senile,senile,en,0,1471600016114,
en:starkers,starkers,starkers,en,0,1470646371712,
en:rather,rather,rather,en,0,1471334841700,
en:tersely,tersely,tersely,en,0,1471860543633,
en:git,git,git,en,0,1471637810726,
en:puce,puce,puce,en,0,1471994780139,
en:Mistletoe,Mistletoe,mistletoe,en,0,1471773293358,
en:punting,punting,punt,en,0,1471861178178,
en:treacle,treacle,treacle,en,0,1471543718213,
en:mince,mince,mince,en,0,1470936006439,
en:snuffled,snuffled,snuffle,en,0,1471773863451,
en:goulash,goulash,goulash,en,0,1470936791637,
en:apathetic,apathetic,apathetic,en,0,1471278977500,
en:roped,roped,rope,en,0,1471993632311,
en:dulcet,dulcet,dulcet,en,0,1471329940860,
en:Garroting,Garroting,garrote,en,0,1471901258598,
en:probation,probation,probation,en,0,1471812010854,
en:moor,moor,moor,en,0,1470756911876,
en:oust,oust,oust,en,0,1474671320082,
en:infirmity,infirmity,infirmity,en,0,1477502164157,
en:pugnacious,pugnacious,pugnacious,en,0,1488312256522,
en:debriefing,debriefing,debriefing,en,0,1488310829356,
en:soporific,soporific,soporific,en,0,1488311256958,
en:forelock,forelock,forelock,en,0,1488142406085,
en:self-effacing,self-effacing,self–effacing,en,0,1488142587760,
en:subversion,subversion,subversion,en,0,1488142851686,
en:pogrom,pogrom,pogrom,en,0,1488393215697,
en:coop,coop,coop,en,0,1489004632797,
en:souks,souks,souk,en,0,1489444348922,
en:brassiere,brassiere,brassiere,en,0,1489966160984,
en:kibbutz,kibbutz,kibbutz,en,0,1488394625337,
en:briefed,briefed,brief,en,0,1488569315063,
en:diatribe,diatribe,diatribe,en,0,1489881470316,
en:Scram,Scram,scram,en,0,1498131279378,
en:kelp,kelp,kelp,en,0,1497959441232,
en:socialite,socialite,socialite,en,0,1498720366617,
en:promenade,promenade,promenade,en,0,1498723146607,
en:tamales,tamales,tamale,en,0,1500137006685,
en:scat,scat,scat,en,0,1500107688564,
en:rhinestone,rhinestone,rhinestone,en,0,1500111232842,
en:cleats,cleats,cleat,en,0,1498726674958,
en:tuttifrutti,tuttifrutti,tutti–frutti,en,0,1498310710896,
en:escargots,escargots,escargot,en,0,1499972465082,
en:boneheaded,boneheaded,boneheaded,en,0,1498730386293,
en:shields,shields,shield,en,0,1498663867445,
en:thou,thou,thou,en,0,1498207080131,
en:guacamole,guacamole,guacamole,en,0,1498130693891,
en:rapiers,rapiers,rapier,en,0,1499884904531,
en:Sekhmet,Sekhmet,Sekhmet,en,0,1500112027727,
en:Friskies,Friskies,frisky,en,0,1500063157574,
en:jowl,jowl,jowl,en,0,1500048726298,
en:yammering,yammering,yammer,en,0,1500141111602,
en:Cretins,Cretins,cretin,en,0,1499762577933,
en:cannoli,cannoli,cannoli,en,0,1500107226102,
en:skillet,skillet,skillet,en,0,1500136985394,
en:stucco,stucco,stucco,en,0,1500136799394,
en:cinder,cinder,cinder,en,0,1500108649669,
en:Thoth,Thoth,Thoth,en,0,1500062720235,
en:leotard,leotard,leotard,en,0,1500341494854,
en:cartouche,cartouche,cartouche,en,0,1499876125275,
en:heist,heist,heist,en,0,1500236705500,
en:wistfully,wistfully,wistfully,en,0,1500112491223,
en:chaperone,chaperone,chaperone,en,0,1500341617700,
en:knackered,knackered,knackered,en,0,1500341385654,
en:mariachi,mariachi,mariachi,en,0,1500136904157,
en:pueblo,pueblo,pueblo,en,0,1500136806902,
en:malachite,malachite,malachite,en,0,1501109563366,
en:catatonic,catatonic,catatonic,en,0,1500717059888,
en:excursion,excursion,excursion,en,0,1506264190010,
en:akimbo,akimbo,akimbo,en,0,1500719593537,
en:hoodlums,hoodlums,hoodlum,en,0,1500502355278,
en:mothered,mothered,mother,en,0,1506457923345,
en:chocolat,chocolat,chocolate,en,0,1500502411376,
en:scarabs,scarabs,scarab,en,0,1500590256400,
en:gloat,gloat,gloat,en,0,1500591176211,
en:kilt,kilt,kilt,en,0,1501195195517,
en:teen,teen,teen,en,0,1506264105665,
en:scrying,scrying,scry,en,0,1500605742152,
en:adobe,adobe,adobe,en,0,1506299914890,
en:pants,pants,pants,en,0,1506264078703,
en:oaf,oaf,oaf,en,0,1498132923320,
en:mousy,mousy,mousy,en,0,1498731774627,
en:farce,farce,farce,en,0,1507496143891,
en:sconces,sconces,sconce,en,0,1506666966845,
en:archons,archons,archon,en,0,1507323626932,
en:man-at,man-at,manat,en,0,1507148982752,
en:drily,drily,drily,en,0,1506671845518,
en:flagon,flagon,flagon,en,0,1507411256408,
en:moleskin,moleskin,moleskin,en,0,1507063759044,
en:stodgy,stodgy,stodgy,en,0,1506673188646,
en:betrothal,betrothal,betrothal,en,0,1507411197780,
en:taproot,taproot,taproot,en,0,1506666398929,
en:manse,manse,manse,en,0,1507324318429,
en:insipid,insipid,insipid,en,0,1507411725210,
en:unmanned,unmanned,unmanned,en,0,1507063519272,
en:tandoori,tandoori,tandoori,en,0,1506632790039,
en:magisters,magisters,magister,en,0,1507323618312,
en:wombat,wombat,wombat,en,0,1506672036728,
en:loping,loping,lop,en,0,1507622012078,
en:brier,brier,brier,en,0,1507541043923,
en:droll,droll,droll,en,0,1507725112143,
en:Sept,Sept,sept,en,0,1507673322087,
en:mummer,mummer,mummer,en,0,1507840629010,
en:quays,quays,quay,en,0,1507673350920,
en:hummocks,hummocks,hummock,en,0,1507539776947,
en:slops,slops,slops,en,0,1507928386594,
en:solicitude,solicitude,solicitude,en,0,1507673909847,
en:barrows,barrows,barrow,en,0,1507539760990,
en:groused,groused,grouse,en,0,1507930086369,
en:Rapers,Rapers,raper,en,0,1507541205379,
en:scoured,scoured,scour,en,0,1507714601494,
en:rheumy,rheumy,rheumy,en,0,1507839560157,
en:gorget,gorget,gorget,en,0,1508183009714,
en:retched,retched,retch,en,0,1507842671259,
en:bravos,bravos,bravo,en,0,1507496980639,
en:pocked,pocked,pocked,en,0,1507714594315,
en:aspens,aspens,Aspen,en,0,1508276663290,
en:hold-fast,hold-fast,holdfast,en,0,1507585454100,
en:balustrade,balustrade,balustrade,en,0,1508182921397,
en:jackanapes,jackanapes,jackanapes,en,0,1507587406343,
en:snitched,snitched,snitch,en,0,1507842615705,
en:castellan,castellan,castellan,en,0,1507997108576,
en:winch,winch,winch,en,0,1507840911884,
en:filly,filly,filly,en,0,1507497785622,
en:cravens,cravens,craven,en,0,1507839777277,
en:gout,gout,gout,en,0,1508182559464,
en:ramparts,ramparts,rampart,en,0,1507673418411,
en:inn,inn,inn,en,0,1507929287118,
en:hart,hart,hart,en,0,1508277730269,
en:crow,crow,crow,en,0,1508276009664,
en:spoor,spoor,spoor,en,0,1508012882611,
en:maidenhead,maidenhead,maidenhead,en,0,1507998887476,
en:cadence,cadence,cadence,en,0,1508366611973,
en:galling,galling,galling,en,0,1507998568698,
en:begin,begin,begin,en,0,1508157449813,
en:quip,quip,quip,en,0,1508320949794,
en:wen,wen,wen,en,0,1508276374023,
en:weaned,weaned,wean,en,0,1508012343731,
en:bestir,bestir,bestir,en,0,1508011661710,
en:haunch,haunch,haunch,en,0,1508070652767,
en:petulant,petulant,petulant,en,0,1508174388139,
en:qualms,qualms,qualm,en,0,1508012402081,
en:restive,restive,restive,en,0,1508016836501,
en:eunuch,eunuch,eunuch,en,0,1507997637412,
en:sullied,sullied,sully,en,0,1507969292504,
en:turnkey,turnkey,turnkey,en,0,1508100996933,
en:pageantry,pageantry,pageantry,en,0,1508320509425,
en:raiment,raiment,raiment,en,0,1508071019576,
en:blithely,blithely,blithely,en,0,1508013073459,
en:aurochs,aurochs,aurochs,en,0,1508012353207,
en:vain,vain,vain,en,0,1508182092172,
en:plaintively,plaintively,plaintively,en,0,1508183181682,
en:heir,heir,heir,en,0,1508182590671,
en:bazaar,bazaar,bazaar,en,0,1508069501182,
en:onyx,onyx,onyx,en,0,1507324620271,
en:raspberry,raspberry,raspberry,en,0,1506670840634,
en:eyrie,eyrie,eyrie,en,0,1507495487362,
en:crenel,crenel,crenel,en,0,1508866368141,
en:gibbet,gibbet,gibbet,en,0,1508791689045,
en:suckling,suckling,suckling,en,0,1508878378542,
en:crenellations,crenellations,crenellations,en,0,1508790118078,
en:twixt,twixt,'twixt,en,0,1508868282555,
en:ululating,ululating,ululate,en,0,1508744656406,
en:Rivulets,Rivulets,rivulet,en,0,1508538931762,
en:nitre,nitre,nitre,en,0,1508838957377,
en:querulous,querulous,querulous,en,0,1508866788051,
en:gaoler,gaoler,gaoler,en,0,1508839187092,
en:league,league,league,en,0,1508539264660,
en:deign,deign,deign,en,0,1508839328652,
en:doublets,doublets,doublets,en,0,1508539590497,
en:festooned,festooned,festoon,en,0,1508790291204,
en:scruple,scruple,scruple,en,0,1508839536719,
en:portcullises,portcullises,portcullis,en,0,1508866151622,
en:whelp,whelp,whelp,en,0,1508866990740,
en:Guileless,Guileless,guileless,en,0,1509042570113,
en:wharfs,wharfs,wharf,en,0,1508939374115,
en-GB:obsequiously,obsequiously,obsequiously,en-GB,0,1508878421046,
en:wyvern,wyvern,wyvern,en,0,1509042175268,
en-GB:unweaned,unweaned,unweaned,en-GB,0,1508878409485,
en:mussed,mussed,muss,en,0,1508921956448,
en:plinth,plinth,plinth,en,0,1508962942382,
en:resplendent,resplendent,resplendent,en,0,1508879563716,
en:Conclave,Conclave,conclave,en,0,1509042854235,
en:thong,thong,thong,en,0,1509043562780,
en-GB:G-string,G-string,G-string,en-GB,0,1509043574448,
en:drivel,drivel,drivel,en,0,1509042340984,
en:dirge,dirge,dirge,en,0,1508921066159,
en:tourmaline,tourmaline,tourmaline,en,0,1508965599057,
en:Notch,Notch,notch,en,0,1509043374922,
en:drifts,drifts,drift,en,0,1508868934576,
en:Droll,Droll,droll,en,0,1509128355877,
en:cudgels,cudgels,cudgel,en,0,1509050332216,
en:cooper,cooper,cooper,en,0,1509129096859,
en:cozen,cozen,cozen,en,0,1509126260919,
en:drollest,drollest,droll,en,0,1509044287143,
en:nigh,nigh,nigh,en,0,1509161952054,
en:ruts,ruts,rut,en,0,1509130604479,
en:rut,rut,rut,en,0,1509130415700,
en:moonstones,moonstones,moonstone,en,0,1509045711066,
en:foppish,foppish,foppish,en,0,1509125886676,
en:goshawk,goshawk,goshawk,en,0,1509159232298,
en:dour,dour,dour,en,0,1509245899252,
en:grotesquerie,grotesquerie,grotesquerie,en,0,1509049342917,
en:gyrfalcon,gyrfalcon,gyrfalcon,en,0,1509159249436,
en:effrontery,effrontery,effrontery,en,0,1509126174337,
en:Perchance,Perchance,perchance,en,0,1509245871633,
en:bodice,bodice,bodice,en,0,1509045532354,
en:blazon,blazon,blazon,en,0,1509048573167,
en:charger,charger,charger,en,0,1509048335372,
en:damask,damask,damask,en,0,1509391145030,
en:sable,sable,sable,en,0,1509246505297,
en:ford,ford,ford,en,0,1509306150556,
en:whetstone,whetstone,whetstone,en,0,1509358608102,
en:dandled,dandled,dandle,en,0,1509797798061,
en:garron,garron,garron,en,0,1509901282636,
en:drooping,drooping,droop,en,0,1509514769340,
en:suet,suet,suet,en,0,1509511775320,
en:quintains,quintains,quintain,en,0,1509482396474,
en:succinct,succinct,succinct,en,0,1509391054582,
en-GB:marten,marten,marten,en-GB,0,1509246557403,
en:choker,choker,choker,en,0,1509045561375,
en:cowl,cowl,cowl,en,0,1509441592151,
en:lisped,lisped,Lisp,en,0,1510378593515,
en:pease,pease,pease,en,0,1509797662574,
en:Homage,Homage,homage,en,0,1509128270098,
en:cinch,cinch,cinch,en,0,1509481891745,
en:reavers,reavers,reaver,en,0,1509161507110,
en:spate,spate,spate,en,0,1510082175571,
en:umber,umber,umber,en,0,1510211744528,
en:shat,shat,shat,en,0,1510079498427,
en:harry,harry,harry,en,0,1510105545733,
en:starvelings,starvelings,starveling,en,0,1510170643501,
en:jape,jape,jape,en,0,1510107118520,
en:privily,privily,privily,en,0,1510105968372,
en:Mummers,Mummers,mummer,en,0,1510378416848,
en:poxier,poxier,poxy,en,0,1510101301341,
en:brusque,brusque,brusque,en,0,1510391562213,
en:hauberk,hauberk,hauberk,en,0,1510104927788,
en:destriers,destriers,destrier,en,0,1510575083545,
en:lout,lout,lout,en,0,1510104558730,
en:purblind,purblind,purblind,en,0,1510380353389,
en:commiserated,commiserated,commiserate,en,0,1510340149769,
en:garderobe,garderobe,garderobe,en,0,1510326279279,
en:Tourmaline,Tourmaline,tourmaline,en,0,1510813558368,
en:lapis,lapis,lapis,en,0,1510211831648,
en:squalid,squalid,squalid,en,0,1510006386114,
en:stripling,stripling,stripling,en,0,1510984474704,
en:carbuncle,carbuncle,carbuncle,en,0,1510171475368,
en:drays,drays,dray,en,0,1510103823538,
en:sheepfold,sheepfold,sheepfold,en,0,1509901835026,
en:sod,sod,sod,en,0,1509901855919,
en:slatterns,slatterns,slattern,en,0,1510101349603,
en:sashes,sashes,sash,en,0,1510101143256,
en:sward,sward,sward,en,0,1510379632411,
en:forecastle,forecastle,forecastle,en,0,1510103632636,
en:mauls,mauls,maul,en,0,1510044112917,
en:bale,bale,bale,en,0,1512246406371,
en:homelier,homelier,homely,en,0,1517748275120,
en:sally,sally,sally,en,0,1518000762998,
en:vale,vale,vale,en,0,1511940691413,
en:tumbled,tumbled,tumble,en,0,1511849873320,
en:font,font,font,en,0,1513670353565,
en:sewn,sewn,sewn,en,0,1518002346642,
en:scabs,scabs,scab,en,0,1512023738145,
en:callow,callow,callow,en,0,1511699672222,
en:seneschal,seneschal,seneschal,en,0,1514324156420,
en:cloyingly,cloyingly,cloyingly,en,0,1512896588388,
en:jerkin,jerkin,jerkin,en,0,1511700368151,
en:rondels,rondels,rondel,en,0,1515452945444,
en:garrons,garrons,garron,en,0,1510390731937,
en:poxy,poxy,poxy,en,0,1510103752408,
en:motley,motley,motley,en,0,1518027545092,
en:quiescent,quiescent,quiescent,en,0,1509215620136,
en:truculent,truculent,truculent,en,0,1509511872325,
en:gunwale,gunwale,gunwale,en,0,1511024071916,
en:leviathans,leviathans,leviathan,en,0,1509160452320,
en:russets,russets,russet,en,0,1517859361203,
en:breeches,breeches,breeches,en,0,1510340223569,
en:brusquely,brusquely,brusquely,en,0,1510212083789,
en:courser,courser,courser,en,0,1510575116312,
en:slattern,slattern,slattern,en,0,1517593256643,
en:destrier,destrier,destrier,en,0,1510388817731,
en:trenchers,trenchers,trencher,en,0,1509797667462,
en:doublet,doublet,doublet,en,0,1515533787080,
en:peevishly,peevishly,peevishly,en,0,1508836979742,
en:mead,mead,mead,en,0,1509215464611,
en:dirk,dirk,dirk,en,0,1508879390240,
en:bailey,bailey,bailey,en,0,1508962819551,
en:glibly,glibly,glibly,en,0,1508866532306,
en:wiles,wiles,wile,en,0,1509159194266,
en:alacrity,alacrity,alacrity,en,0,1509127097498,
en:gelding,gelding,gelding,en,0,1508880716755,
en:irascible,irascible,irascible,en,0,1508866640292,
en:puissant,puissant,puissant,en,0,1518802304107,
en:even,even,even,en,0,1520622978034,
en:interpose,interpose,interpose,en,0,1519727473807,
en:pinions,pinions,pinion,en,0,1520421793349,
en:posset,posset,posset,en,0,1520455561356,
en:lute,lute,lute,en,0,1520711983292,
en:nubile,nubile,nubile,en,0,1520454249731,
en:stem,stem,stem,en,0,1519802654498,
en:bodkins,bodkins,bodkin,en,0,1521794688834,
en:gilded,gilded,gilded,en,0,1521791756530,
en:churls,churls,churl,en,0,1520712726993,
en:alder,alder,alder,en,0,1520424167885,
en:betwixt,betwixt,betwixt,en,0,1520683775302,
en:tittered,tittered,titter,en,0,1520011602568,
en:hoary,hoary,hoary,en,0,1520418457040,
en:cider,cider,cider,en,0,1520010398754,
en:aft,aft,aft,en,0,1520606154429,
en:calumny,calumny,calumny,en,0,1519802743006,
en:comport,comport,comport,en,0,1520453647583,
en:rills,rills,rill,en,0,1520421709645,
en:tacking,tacking,tack,en,0,1519802203057,
en:presumed,presumed,presume,en,0,1520968577567,
en:perforce,perforce,perforce,en,0,1521792911022,
en:Quarrels,Quarrels,quarrel,en,0,1521794826144,
en:espoused,espoused,espouse,en,0,1522695482440,
en:prune,prune,prune,en,0,1521790288835,
en:brewhouse,brewhouse,brewhouse,en,0,1521795653743,
en:usury,usury,usury,en,0,1520712488631,
en:arbor,arbor,arbor,en,0,1521795571617,
en:quarrels,quarrels,quarrel,en,0,1522749444275,
en:coupled,coupled,couple,en,0,1520788330524,
en:litter,litter,litter,en,0,1521791581938,
en:strapping,strapping,strapping,en,0,1520681240589,
en:palisades,palisades,palisades,en,0,1520787479491,
en:garnets,garnets,garnet,en,0,1520712135778,
en:lummox,lummox,lummox,en,0,1521793651575,
en:forbearance,forbearance,forbearance,en,0,1520968572589,
en:gouty,gouty,gouty,en,0,1521791628274,
en:palfreys,palfreys,palfrey,en,0,1523999312119,
en:fletched,fletched,fletch,en,0,1522301915433,
en:quagmires,quagmires,quagmire,en,0,1522804017932,
en:accoutred,accoutred,accoutre,en,0,1522744786996,
en:leche,leche,lech,en,0,1523999982236,
en:notched,notched,notch,en,0,1524175614695,
en:niter,niter,niter,en,0,1524177305733,
en:jet,jet,jet,en,0,1524270997108,
en:straddled,straddled,straddle,en,0,1522749387920,
en:whoreson,whoreson,whoreson,en,0,1524175719117,
en:stiletto,stiletto,stiletto,en,0,1522306737898,
en:redoubtable,redoubtable,redoubtable,en,0,1522746656075,
en:nocked,nocked,nock,en,0,1524175596675,
en:host,host,host,en,0,1522305671726,
en:sniffling,sniffling,sniffle,en,0,1523305814756,
en:fletching,fletching,fletching,en,0,1522301908247,
en:mirths,mirths,mirth,en,0,1522804212179,
en:cairns,cairns,cairn,en,0,1522804341229,
en:cinders,cinders,cinders,en,0,1524175952062,
en:nonce,nonce,nonce,en,0,1524000686016,
en:lithe,lithe,lithe,en,0,1521791679773,
en:aught,aught,aught,en,0,1522804954905,
en:saturnine,saturnine,saturnine,en,0,1521792385514,
en:niggardly,niggardly,niggardly,en,0,1520968232477,
en:comely,comely,comely,en,0,1523998615218,
en:poultice,poultice,poultice,en,0,1523780717464,
en:swarthy,swarthy,swarthy,en,0,1522695459115,
en:contrite,contrite,contrite,en,0,1522695725038,
en:bunghole,bunghole,bunghole,en,0,1521912580339,
en:midden,midden,midden,en,0,1521793701392,
en:portcullis,portcullis,portcullis,en,0,1520680158980,
en:liege,liege,liege,en,0,1520453677095,
en:cockatrice,cockatrice,cockatrice,en,0,1521791357621,
en:snarks,snarks,snark,en,0,1520420942426,
en:merlin,merlin,merlin,en,0,1520422820700,
en:wroth,wroth,wroth,en,0,1520420321925,
en:unconscionable,unconscionable,unconscionable,en,0,1521791150349,
en:wench,wench,wench,en,0,1520542942036,
en:capon,capon,capon,en,0,1519804305566,
en:score,score,score,en,0,1524849804324,
en:writ,writ,writ,en,0,1525299802373,
en:hose,hose,hose,en,0,1525326794724,
en:cuff,cuff,cuff,en,0,1524850288188,
en:footpad,footpad,footpad,en,0,1525298790201,
en:deflowered,deflowered,deflower,en,0,1525333387704,
en:gristle,gristle,gristle,en,0,1525223808802,
en:Roundels,Roundels,roundel,en,0,1524528249371,
en:sorrel,sorrel,sorrel,en,0,1524782488250,
en:dicker,dicker,dicker,en,0,1524849334868,
en:cloying,cloying,cloy,en,0,1524783183985,
en:guileless,guileless,guileless,en,0,1524910918436,
en:mantlets,mantlets,mantlet,en,0,1524857116778,
en:fritters,fritters,fritter,en,0,1524441565264,
en:bluffs,bluffs,bluff,en,0,1525456533158,
en:pooched,pooched,pooch,en,0,1524849868887,
en:acolyte,acolyte,acolyte,en,0,1525454737066,
en:leal,leal,leal,en,0,1524858742939,
en:gammon,gammon,gammon,en,0,1524390365081,
en:samite,samite,samite,en,0,1524874987632,
en:barges,barges,barge,en,0,1526592626984,
en:dromond,dromond,dromond,en,0,1525826346644,
en:striding,striding,stride,en,0,1527554134443,
en:sty,sty,sty,en,0,1527815634652,
en:nuncle,nuncle,nuncle,en,0,1527854073379,
en:goodwife,goodwife,goodwife,en,0,1526125519933,
en:sweetmeat,sweetmeat,sweetmeat,en,0,1525455943745,
en:lineage,lineage,lineage,en,0,1527290014444,
en:Goodwife,Goodwife,goodwife,en,0,1527381177568,
en:spitfires,spitfires,spitfire,en,0,1526514825053,
en:cuddled,cuddled,cuddle,en,0,1527853693610,
en:dun,dun,dun,en,0,1525485592454,
en:teats,teats,teat,en,0,1527977800863,
en:nuzzle,nuzzle,nuzzle,en,0,1527852728393,
en:rents,rents,rent,en,0,1527465762442,
en:keep,keep,keep,en,0,1527640089483,
en:linden,linden,linden,en,0,1527554195763,
en:squire,squire,squire,en,0,1527979964788,
en:anathema,anathema,anathema,en,0,1529517353398,
en:coast,coast,coast,en,0,1528889563468,
en:demurred,demurred,demur,en,0,1527976952736,
en:hewn,hewn,HEW,en,0,1527886308830,
en:lintel,lintel,lintel,en,0,1526773502606,
en:ermine,ermine,ermine,en,0,1529259095277,
en:obsequious,obsequious,obsequious,en,0,1529319836291,
en:raving,raving,raving,en,0,1525480677752,
en:fiercely,fiercely,fiercely,en,0,1528218577036,
en:roiled,roiled,roil,en,0,1527887994917,
en:chandler,chandler,chandler,en,0,1527977210260,
en:bantam,bantam,bantam,en,0,1529319851150,
en:quintain,quintain,quintain,en,0,1529268982213,
en:mirth,mirth,mirth,en,0,1526324502296,
en:Imp,Imp,IMP,en,0,1529517378730,
en:draper,draper,draper,en,0,1527893720748,
en:groat,groat,groat,en,0,1527888875839,
en:knacker,knacker,knacker,en,0,1527978900549,
en:hippocras,hippocras,hippocras,en,0,1529319969183,
en:swaddling,swaddling,swaddle,en,0,1527977944766,
en:harridan,harridan,harridan,en,0,1524849318863,
en:solar,solar,solar,en,0,1524351046942,
en:mulled,mulled,Mull,en,0,1524780798536,
en:dormice,dormice,dormouse,en,0,1524348142867,
en:palfrey,palfrey,palfrey,en,0,1524782522809,
en:prairie,prairie,prairie,en,0,1530118246424,
en:prostrate,prostrate,prostrate,en,0,1530119100397,
en:fetish,fetish,fetish,en,0,1530188333340,
en:gaol,gaol,gaol,en,0,1530576310988,
en:godmother,godmother,godmother,en,0,1530051848703,
en:Hermits,Hermits,hermit,en,0,1530119787552,
en:stern,stern,stern,en,0,1530137031312,
en:Bishop,Bishop,Bishop,en,0,1530136703328,
en:peasant,peasant,peasant,en,0,1530051665905,
en:samovár,samovár,samovar,en,0,1530576103941,
en:Accuser,Accuser,accuser,en,0,1530119625278,
en:drovers,drovers,drover,en,0,1530053102940,
en:kumiss,kumiss,kumiss,en,0,1531172434309,
en:nape,nape,nape,en,0,1530224812068,
en:glade,glade,glade,en,0,1530051998759,
en-GB:mitre,mitre,mitre,en-GB,0,1530136744278,
en:levees,levees,levee,en,0,1530188051009,
en:cogs,cogs,cog,en,0,1531418845211,
en:askance,askance,askance,en,0,1530294649062,
en:prow,prow,prow,en,0,1531419416329,
en:carracks,carracks,carrack,en,0,1531418854301,
en:dromonds,dromonds,dromond,en,0,1531418860337,
en:kid,kid,kid,en,0,1531419963826,
en:quaffed,quaffed,quaff,en,0,1531419996005,
en:krakens,krakens,kraken,en,0,1531435063603,
en:eves,eves,Eve,en,0,1530294834900,
en:thralls,thralls,thrall,en,0,1531435070501,
en:niggard,niggard,niggard,en,0,1532473269564,
en:thicket,thicket,thicket,en,0,1530312323336,
en:godfather,godfather,godfather,en,0,1530051855875,
en:allerdings,allerdings,allerdings,en,0,1532816864042,
en:dafür,dafür,dafür,en,0,1532816775056,
en:gewesen,gewesen,gewesen,en,0,1532816859138,
en:namens,namens,namens,en,0,1532816882944,
en:notwendig,notwendig,notwendig,en,0,1532816852779,
en:Augen,Augen,augen...,en,0,1532816891109,
en:Hals,Hals,hals,en,0,1532816827475,
en:besaß,besaß,Bes,en,0,1532816798340,
en:doppelt,doppelt,doppelt,en,0,1532816844691,
en:nützlich,nützlich,nützlich,en,0,1532816868967,
en:Schnurrbart,Schnurrbart,schnurrbart,en,0,1532816788193,
en:gab,gab,gab,en,0,1532816922418,
en:war,war,war,en,0,1532816758465,
en:aber,aber,aber,en,0,1532816780556,
en:viel,viel,viel,en,0,1532816838250,
en:Firma,Firma,firma,en,0,1532816720112,
en:einer,einer,einer,en,0,1532816713743,
en:nirgendwo,nirgendwo,nirgendwo,en,0,1532816926081,
en:dotage,dotage,dotage,en,0,1533077115038,
en:staid,staid,staid,en,0,1533476941414,
en:postern,postern,postern,en,0,1536778815838,
en:cloistered,cloistered,cloistered,en,0,1536778972190,
en:paragon,paragon,paragon,en,0,1536954078366,
en:acolytes,acolytes,acolyte,en,0,1537810410185,
en:fillet,fillet,fillet,en,0,1537809929202,
en:balked,balked,balk,en,0,1541576835087,
en:privy,privy,privy,en,0,1538071059386,
en:stot,stot,stot,en,0,1539333189177,
en:bawdy,bawdy,bawdy,en,0,1538259621656,
en:bread,bread,bread,en,0,1554885379145,
en:runes,runes,rune,en,0,1577738639252,
en:laburnums,laburnums,laburnum,en,0,1577737541769,
en:snapdragons,snapdragons,snapdragon,en,0,1577737521207,
en:viols,viols,viol,en,0,1577738076274,
en:chivied,chivied,chivy,en,0,1580859717565,
en:briars,briars,briar,en,0,1580859154442,
en:neuralgia,neuralgia,neuralgia,en,0,1578521633689,
en:conceit,conceit,conceit,en,0,1578430280261,
en:sculling,sculling,scull,en,0,1580762126168,
en:natty,natty,natty,en,0,1580634335717,
en:note,note,note,en,0,1580762291997,
en:nigger,nigger,nigger,en,0,1580634395848,
en:sculls,sculls,scull,en,0,1578521799310,
en:obdurate,obdurate,obdurate,en,0,1580635479227,
en:weirs,weirs,weir,en,0,1580762151039,
en:chivy,chivy,chivy,en,0,1580763137924,
en:veriest,veriest,veriest,en,0,1580768360532,
en:Margate,Margate,margate,en,0,1580634407050,
en:hitcher,hitcher,hitcher,en,0,1580859538859,
en:portent,portent,portent,en,0,1578430809181,
en:shying,shying,shy,en,0,1578431005332,
en:grotto,grotto,grotto,en,0,1580762480975,
en:simooms,simooms,simoom,en,0,1578430679402,
en:truculently,truculently,truculently,en,0,1581976290901,
en:lugubrious,lugubrious,lugubrious,en,0,1581976894268,
en:hagridden,hagridden,hagridden,en,0,1581889865714,
en:austerely,austerely,austerely,en,0,1581976972189,
en:eiderdown,eiderdown,eiderdown,en,0,1581976391721,
en:stertorously,stertorously,stertorously,en,0,1581889781593,
en:catarrh,catarrh,catarrh,en,0,1581889765652,
en:fuchsia,fuchsia,fuchsia,en,0,1581976469830,
en:decrepit,decrepit,decrepit,en,0,1581889871389,
en:pitted,pitted,pitted,en,0,1581976364477,
en:rheumatism,rheumatism,rheumatism,en,0,1581889800127,
en:sepulchrally,sepulchrally,sepulchrally,en,0,1581976114643,
en:dicky,dicky,dicky,en,0,1581975895530,
en:sprightly,sprightly,sprightly,en,0,1581976153597,
en:anæmic,anæmic,anaemic,en,0,1581977147443,
en:redolent,redolent,redolent,en,0,1581977076850,
en:diaphanous,diaphanous,diaphanous,en,0,1581889986471,
en:statuary,statuary,statuary,en,0,1581975886946,
en:celluloid,celluloid,celluloid,en,0,1581975902003,
en:unctuousness,unctuousness,unctuousness,en,0,1581889819559,
en:long,long,long,en,0,1582239584449,
en:unctuous,unctuous,unctuous,en,0,1582303482108,
en:recidivists,recidivists,recidivist,en,0,1582238960323,
en:imprecations,imprecations,imprecation,en,0,1582226155591,
en:flues,flues,flue,en,0,1582412571330,
en:porcine,porcine,porcine,en,0,1582458488693,
en:Countries,Countries,country,en,0,1582457880102,
en:iniquitous,iniquitous,iniquitous,en,0,1582413719176,
en:squeegee,squeegee,squeegee,en,0,1582493225539,
en:powerful,powerful,powerful,en,0,1582412690921,
en:sine qua non,sine qua non,sine qua non,en,0,1582494744550,
en:seamstresses,seamstresses,seamstress,en,0,1582495755985,
en:foremen,foremen,Foreman,en,0,1582495180165,
en:blithe,blithe,blithe,en,0,1582565412158,
en:A,A,A,en,0,1582494285458,
en:sine,sine,sine,en,0,1582494741009,
en:obstetrics,obstetrics,obstetrics,en,0,1589405787281,
en:persimmons,persimmons,persimmon,en,0,1589406428906,
en:coming,coming,coming,en,0,1589406585052,
en:invective,invective,invective,en,0,1593647818907,
en:pejorative,pejorative,pejorative,en,0,1593735023863,
en:politburo,politburo,politburo,en,0,1593735611102,
en:commissars,commissars,commissar,en,0,1593735742803,
en:curtain,curtain,curtain,en,0,1593909380436,
en:was,was,was,en,0,1595896079732,
en:baubles,baubles,bauble,en,0,1598660450038,
en:strictures,strictures,stricture,en,0,1598660464279,
en:mores,mores,mores,en,0,1598661921010,
en:muzak,muzak,Muzak,en,0,1598662127997,
en:interstices,interstices,interstice,en,0,1598662199175,
en:untenable,untenable,untenable,en,0,1598662556418,
en:connexion,connexion,connexion,en,0,1598662570148,
en:source,source,source,en,0,1598662845487,
en:germane,germane,germane,en,0,1598674026197,
en:balderdash,balderdash,balderdash,en,0,1598674039427,
en:Popery,Popery,popery,en,0,1598956760831,
en:doodad,doodad,doodad,en,0,1598998196117,
en:nebbishes,nebbishes,nebbish,en,0,1598998303833,
en:makeable,makeable,makeable,en,0,1598998469290,
en:émigré,émigré,émigré,en,0,1599040007902,
en:caprices,caprices,caprice,en,0,1599087155912,
en:continuum,continuum,continuum,en,0,1599087197794,
en:ensconced,ensconced,ensconce,en,0,1599087250322,
en:sicced,sicced,sic,en,0,1599499953574,
en:nuncio,nuncio,nuncio,en,0,1599608157962,
en:wastrel,wastrel,wastrel,en,0,1599676096849,
en:eschaton,eschaton,eschaton,en,0,1599783501221,
en:non,non,non-,en,0,1599784000466,
en:non compos mentis,non compos mentis,non compos mentis,en,0,1599784011854,
en:fugue,fugue,fugue,en,0,1599784472040,
en:Non,Non,non-,en,0,1599784607431,
en:Non compos mentis,Non compos mentis,non compos mentis,en,0,1599784611862,
en:blasé,blasé,blasé,en,0,1599871060083,
en:arcana,arcana,arcana,en,0,1599871292940,
en:asinine,asinine,asinine,en,0,1600130715171,
en:compos,compos,compose,en,0,1600131607292,
en:compos mentis,compos mentis,compos mentis,en,0,1600131612903,
en:broached,broached,broach,en,0,1582578039612,
en:larcenous,larcenous,larcenous,en,0,1582580061069,
en:fretted,fretted,fret,en,0,1582578045898,
en:copse,copse,copse,en,0,1583280614163,
en:glib,glib,glib,en,0,1583448818750,
en:cognacs,cognacs,cognac,en,0,1583448114983,
en:frogmarched,frogmarched,frogmarch,en,0,1583363490842,
en:spigot,spigot,spigot,en,0,1583628636461,
en:stultifying,stultifying,stultify,en,0,1583635006065,
en:Guacamole,Guacamole,guacamole,en,0,1564865816709,
en:probably,probably,probably,en,0,1566598091653,
en:Prissy,Prissy,prissy,en,0,1566685464591,
en:Statuary,Statuary,statuary,en,0,1565460736813,
en:delicatessen,delicatessen,delicatessen,en,0,1565293491563,
en:enchilada,enchilada,enchilada,en,0,1563572609308,
en:tines,tines,tine,en,0,1566719109796,
en:Kleenex,Kleenex,Kleenex,en,0,1566635069298,
en:haiku,haiku,haiku,en,0,1566599921397,
en:abalone,abalone,abalone,en,0,1565117069219,
en:Tylenol,Tylenol,Tylenol,en,0,1566598940616,
en:ambrosia,ambrosia,ambrosia,en,0,1565377675037,
en:stonewalled,stonewalled,stonewall,en,0,1566510398232,
en:scullion,scullion,scullion,en,0,1566598459829,
en:Chihuahua,Chihuahua,Chihuahua,en,0,1565510378113,
en:Heracles,Heracles,Heracles,en,0,1566077246983,
en:centaurs,centaurs,centaur,en,0,1566337760316,
en:Gaia,Gaia,Gaia,en,0,1566651839185,
en:coliseum,coliseum,coliseum,en,0,1565637361286,
en:luau,luau,luau,en,0,1566162975680,
en:enchiladas,enchiladas,enchilada,en,0,1567631740485,
en:mouth,mouth,mouth,en,0,1567369807591,
en:caltrops,caltrops,caltrop,en,0,1567704962575,
en:heaving,heaving,heaving,en,0,1566641839706,
en:vanguard,vanguard,vanguard,en,0,1567737521242,
en:hag,hag,hag,en,0,1567632353958,
en:look,look,look,en,0,1566109394160,
en:lyre,lyre,lyre,en,0,1567631546058,
en:helm,helm,helm,en,0,1565636710076,
en:sot,sot,sot,en,0,1563573323340,
en:animus,animus,animus,en,0,1583872010227,
en:barrette,barrette,barrette,en,0,1583872308205,
en:demure,demure,demure,en,0,1583872295422,
en:Mugwump,Mugwump,mugwump,en,0,1584611539921,
en:arbitrage,arbitrage,arbitrage,en,0,1584267027134,
en:crone,crone,crone,en,0,1584267982574,
en:dungeons,dungeons,dungeon,en,0,1584621584775,
en:seigniorage,seigniorage,seigniorage,en,0,1584266474718,
en:broomstick,broomstick,broomstick,en,0,1584493137341,
en:after,after,after,en,0,1584268830907,
en:Galleons,Galleons,galleon,en,0,1585622191644,
en:Templars,Templars,Templar,en,0,1590631678722,
en:adventure,adventure,adventure,en,0,1590676321581,
en:almost,almost,almost,en,0,1590676320796,
en:refining,refining,refine,en,0,1590765800722,
en:perpetuate,perpetuate,perpetuate,en,0,1590765082780,
en:for,for,for,en,0,1591118087075,
en:been,been,been,en,0,1593046410245,
en:doggo,doggo,doggo,en,0,1598487253805,
en:corollary,corollary,corollary,en,0,1598400725378,
en:Headquarters,Headquarters,headquarters,en,0,1598056773578,
en:eclectic,eclectic,eclectic,en,0,1600646564875,
en:finds,finds,find,en,0,1600563334000,
en:posing,posing,POS,en,0,1600562968958,
en:yobbos,yobbos,yobbo,en,0,1600735507802,
en:laconic,laconic,laconic,en,0,1600563310919,
en:wogs,wogs,wog,en,0,1600735497020,
en:inanities,inanities,inanity,en,0,1600646950821,
en:precocious,precocious,precocious,en,0,1600563021331,
en:vacuous,vacuous,vacuous,en,0,1600302632257,
en:odious,odious,odious,en,0,1600562493240,
en:toddled,toddled,toddle,en,0,1600647327051,
en:baryonic,baryonic,baryonic,en,0,1600647237959,
en:ersatz,ersatz,ersatz,en,0,1600735014251,
en:effete,effete,effete,en,0,1600562085992,
en:delinquency,delinquency,delinquency,en,0,1600562081220,
en:penury,penury,penury,en,0,1600646958086,
en:vagaries,vagaries,vagary,en,0,1600562972702,
en:binaural,binaural,binaural,en,0,1600647592984,
en:purposes,purposes,purpose,en,0,1607643995015,
en:snuffboxes,snuffboxes,snuffbox,en,0,1607816681542,
en:agate,agate,agate,en,0,1607816696555,
en:lassitude,lassitude,lassitude,en,0,1607817320780,
en:fatuous,fatuous,fatuous,en,0,1607817847136,
en:nipped,nipped,Nip,en,0,1607820180560,
en:scrimmage,scrimmage,scrimmage,en,0,1607820205205,
en:incurious,incurious,incurious,en,0,1607820266833,
en:sash,sash,sash,en,0,1607820565897,
en:knoll,knoll,knoll,en,0,1607820609177,
en:knout,knout,knout,en,0,1615936743333,
en:Tartars,Tartars,Tartar,en,0,1616025238081,
en:hoarfrost,hoarfrost,hoarfrost,en,0,1616286226871,
en:jade,jade,jade,en,0,1616457853992,
en:Elisha,Elisha,Elisha,en,0,1616459434264,
en:he,he,he,en,0,1646843932786,
en:scull,scull,scull,en,0,1646843936920,
en:softly,softly,softly,en,0,1646844061166,
en:sallies,sallies,Sallies,en,0,1646858801785,
en:negligees,negligees,negligee,en,0,1646858935923,
en:brazen,brazen,brazen,en,0,1646859071286,
en:Another,Another,another,en,0,1602608434563,
en:now,now,now,en,0,1598777572820,
en:what,what,what,en,0,1601797619295,
en:had,had,had,en,0,1605531872544,
en:this,this,this,en,0,1605512202393,
en-GB:write,write,write,en-GB,0,1602996442149,
en:grinned,grinned,grin,en,0,1605867194475,
en:ripped,ripped,RIP,en,0,1605669677095,
en:world,world,world,en,0,1605953371034,
en:Indian,Indian,Indian,en,0,1605954110012,
en:India,India,India,en,0,1605954203914,
en:MODULE,MODULE,module,en,0,1605954146431,
en:quickly,quickly,quickly,en,0,1605954480340,
en:skipper,skipper,skipper,en,0,1606864054930,
en:furtively,furtively,furtively,en,0,1607037129319,
en:debauchery,debauchery,debauchery,en,0,1607472920260,
en:alcove,alcove,alcove,en,0,1607036986748,
en:ineffectual,ineffectual,ineffectual,en,0,1607381574759,
en:sanguine,sanguine,sanguine,en,0,1607031095953,
en:vapid,vapid,vapid,en,0,1607471908065,
en:pannikin,pannikin,pannikin,en,0,1607471755129,
en:where,where,where,en,0,1607036711848,
en:pint,pint,pint,en,0,1607643801230,
en:boozer,boozer,boozer,en,0,1607643553682,
en:strident,strident,strident,en,0,1607643147276,
en:wallop,wallop,wallop,en,0,1607643729861,
en:pugnaciously,pugnaciously,pugnaciously,en,0,1607643537538,
en:concertina,concertina,concertina,en,0,1607643220729,
en:proles,proles,prole,en,0,1607643255387,
en:prostrated,prostrated,prostrate,en,0,1608768571503,
en:rotund,rotund,rotund,en,0,1608767648373,
en:sluttish,sluttish,sluttish,en,0,1608458194158,
en:ossified,ossified,ossify,en,0,1608765274554,
en:didactically,didactically,didactically,en,0,1608770343380,
en:catechism,catechism,catechism,en,0,1608425376824,
en:collectivism,collectivism,collectivism,en,0,1608679626715,
en:switchover,switchover,switchover,en,0,1608336607759,
en:orgiastic,orgiastic,orgiastic,en,0,1608592418899,
en:vitriol,vitriol,vitriol,en,0,1608769455728,
en:timorously,timorously,timorously,en,0,1608767095486,
en:fecundity,fecundity,fecundity,en,0,1608461353618,
en:prosaically,prosaically,prosaically,en,0,1608076193991,
en:What,What,what,en,0,1608768944473,
en:allusion,allusion,allusion,en,0,1608425820137,
en:Nevertheless,Nevertheless,nevertheless,en,0,1608592333703,
en:paraphernalia,paraphernalia,paraphernalia,en,0,1608765506980,
en:insidious,insidious,insidious,en,0,1608766989800,
en:abasement,abasement,abasement,en,0,1608681306889,
en:solar plexus,solar plexus,solar plexus,en,0,1608766136400,
en:tepid,tepid,tepid,en,0,1608458174008,
en:Lingua Franca,Lingua Franca,lingua franca,en,0,1608680712445,
en:baize,baize,baize,en,0,1608770158036,
en:imposture,imposture,imposture,en,0,1608630731551,
en:inimical,inimical,inimical,en,0,1608630579077,
en:Don't,Don't,don't,en,0,1608161503663,
en:persiflage,persiflage,persiflage,en,0,1608425621945,
en:febrile,febrile,febrile,en,0,1608244025443,
en:ruffians,ruffians,ruffian,en,0,1608767638680,
en:expropriated,expropriated,expropriate,en,0,1608679662645,
en:meanwhile,meanwhile,meanwhile,en,0,1608458190349,
en:contralto,contralto,contralto,en,0,1608077280033,
en:sanctimonious,sanctimonious,sanctimonious,en,0,1608766997470,
en:desultorily,desultorily,desultorily,en,0,1608766853191,
en:truncheons,truncheons,truncheon,en,0,1608767521481,
en:ere,ere,ere,en,0,1609114204453,
en:wharf,wharf,wharf,en,0,1609233285331,
en:shots,shots,shot,en,0,1609199570890,
en:sublime,sublime,sublime,en,0,1609538419218,
en:Orwell,Orwell,Orwell,en,0,1609537042970,
en:epiphany,epiphany,epiphany,en,0,1609538447054,
en:Whenever,Whenever,whenever,en,0,1609537104536,
en:heirloom,heirloom,heirloom,en,0,1609539500150,
en:doublespeak,doublespeak,doublespeak,en,0,1609536910503,
en:cognac,cognac,cognac,en,0,1609542498391,
en:cohort,cohort,cohort,en,0,1609975813469,
en:inside,inside,inside,en,0,1610148929354,
en:linoleum,linoleum,linoleum,en,0,1610149268492,
en:gulag,gulag,Gulag,en,0,1609628960678,
en:ode,ode,ode,en,0,1609976657142,
en:We,We,we,en,0,1609975437208,
en:permed,permed,Perm,en,0,1610067184525,
en:bluster,bluster,bluster,en,0,1610843572315,
en:decadence,decadence,decadence,en,0,1611786776846,
en:tenor,tenor,tenor,en,0,1612052327584,
en:banal,banal,banal,en,0,1612052352415,
en:or,or,or,en,0,1612051567321,
en:bellicose,bellicose,bellicose,en,0,1612052319471,
en:riposte,riposte,riposte,en,0,1612052345823,
en:temporalis,temporalis,temporalis,en,0,1612051649412,
en:buccinator,buccinator,buccinator,en,0,1612051640641,
en:fritter,fritter,fritter,en,0,1612051751329,
en:gradated,gradated,gradate,en,0,1612139126241,
en:jowls,jowls,jowl,en,0,1612051137971,
en:phalanges,phalanges,phalanges,en,0,1612051570344,
en:corduroy,corduroy,corduroy,en,0,1612310900883,
en:slavish,slavish,slavish,en,0,1612397972093,
en:paring,paring,par,en,0,1612481797221,
en:opulence,opulence,opulence,en,0,1612397946775,
en:effluvium,effluvium,effluvium,en,0,1612310450752,
en:laconically,laconically,laconically,en,0,1612398349271,
en:settee,settee,settee,en,0,1612310873682,
en:topiary,topiary,topiary,en,0,1612310538640,
en:danseuse,danseuse,danseuse,en,0,1614328618537,
en:extrapolate,extrapolate,extrapolate,en,0,1613175506996,
en:parapsychologist,parapsychologist,parapsychologist,en,0,1613865122165,
en:spree,spree,spree,en,0,1613866283138,
en:quagmire,quagmire,quagmire,en,0,1612567896015,
en:cyclopean,cyclopean,cyclopean,en,0,1614127992415,
en:Pomfret,Pomfret,pomfret,en,0,1614126900848,
en:intercourse,intercourse,intercourse,en,0,1614127871632,
en:kinesic,kinesic,kinesics,en,0,1614328653358,
en:perquisites,perquisites,perquisite,en,0,1613945414227,
en:pique,pique,pique,en,0,1613086400985,
en:nahin,nahin,nah,en,0,1613866750757,
en:odium,odium,odium,en,0,1613865778084,
en:violative,violative,violative,en,0,1613086221584,
en:taffy,taffy,taffy,en,0,1614127240911,
en:carafe,carafe,carafe,en,0,1613864637473,
en:toiletries,toiletries,toiletries,en,0,1613086790308,
en:silicon,silicon,silicon,en,0,1614126315582,
en:exchequer,exchequer,exchequer,en,0,1613945487139,
en:scourged,scourged,scourge,en,0,1616801282530,
en:cassock,cassock,cassock,en,0,1616801000111,
en:freighted,freighted,freight,en,0,1616801042623,
en:indorsed,indorsed,indorse,en,0,1616801117260,
en:Presently,Presently,presently,en,0,1616800170244,
en:samovar,samovar,samovar,en,0,1616802408536,
en:fagged,fagged,fagged,en,0,1616802791758,
en:coffers,coffers,coffer,en,0,1616886950438,
en:sophists,sophists,sophist,en,0,1631051386019,
en:rodomontade,rodomontade,rodomontade,en,0,1631051203771,
en:cubits,cubits,cubit,en,0,1631279125289,
en:immanent,immanent,immanent,en,0,1631279794921,
en:Student,Student,student,en,0,1631279790919,
en:apoplexy,apoplexy,apoplexy,en,0,1631279757660,
en:expiation,expiation,expiation,en,0,1631278633338,
en:sophistry,sophistry,sophistry,en,0,1634648080986,
en:somnolent,somnolent,somnolent,en,0,1634648244608,
en:snuff,snuff,snuff,en,0,1636276402445,
en:licentious,licentious,licentious,en,0,1636276434143,
en:as,as,as,en,0,1641846837295,
en:chthonian,chthonian,chthonian,en,0,1641849286423,
en:weaved,weaved,weave,en,0,1641761803682,
en:echelon,echelon,echelon,en,0,1641850426475,
en:gyrus,gyrus,gyrus,en,0,1641668215039,
en:enantiomeric,enantiomeric,enantiomeric,en,0,1641846842009,
en:quonset,quonset,Quonset,en,0,1641760602609,
en:Suddenly,Suddenly,suddenly,en,0,1641760665351,
en:elevated,elevated,elevated,en,0,1641760598699,
en:governorates,governorates,governorate,en,0,1641761420438,
en:invectives,invectives,invective,en,0,1641848173347,
en:sangfroid,sangfroid,sangfroid,en,0,1641762728129,
en:vacuity,vacuity,vacuity,en,0,1641673105064,
en:behoved,behoved,behove,en,0,1642016519753,
en:epithets,epithets,epithet,en,0,1641848179552,
en:arraignment,arraignment,arraignment,en,0,1642016418930,
en:ignominy,ignominy,ignominy,en,0,1641762185810,
en:kinesics,kinesics,kinesics,en,0,1641667772182,
en:trite,trite,trite,en,0,1641760669761,
en:recalcitrant,recalcitrant,recalcitrant,en,0,1641896182628,
en:The,The,the,en,0,1641851078024,
en:puerile,puerile,puerile,en,0,1641668245936,
en:on,on,on,en,0,1425895028330,
en:Dad,Dad,dad,en,0,1426704249454,
en:in,in,in,en,0,1426704269802,
en:Silk,Silk,silk,en,0,1425374084641,
en:Travers,Travers,travers,en,0,1428425049342,
en:woken,woken,woken,en,0,1426148364594,
en:met,met,met,en,0,1426147136886,
en:would,would,would,en,0,1426147133305,
en:four,four,four,en,0,1428425052988,
en:step,step,step,en,0,1426148340968,
en:not,not,not,en,0,1643439802765,
en:bonnets,bonnets,bonnet,en,0,1643439685262,
en:Nearly,Nearly,nearly,en,0,1643439813528,
en:bullier,bullier,bully,en,0,1642837873795,
en:leaning,leaning,leaning,en,0,1642694633579,
en:callosities,callosities,callosity,en,0,1642689455717,
en:half,half,half,en,0,1642700451310,
en:crag,crag,crag,en,0,1642829570171,
en:sardonically,sardonically,sardonically,en,0,1642691697553,
en:beat,beat,beat,en,0,1642693366835,
en:who,who,who,en,0,1642694910369,
en:diffident,diffident,diffident,en,0,1643053935185,
en:eyed,eyed,eyed,en,0,1642846301542,
en:chaparral,chaparral,chaparral,en,0,1642829337592,
en:Number,Number,number,en,0,1642694445917,
en:chimerical,chimerical,chimerical,en,0,1642690736004,
en:agin,agin,agin,en,0,1642837857780,
en:Beaune,Beaune,Beaune,en,0,1643053984157,
en:penitently,penitently,penitently,en,0,1642837779291,
en:wiry,wiry,wiry,en,0,1642829536955,
en:loafers,loafers,loafer,en,0,1642694637391,
en:stalwart,stalwart,stalwart,en,0,1642694596169,
en:into,into,into,en,0,1642787240879,
en:defile,defile,defile,en,0,1642848807969,
en:hansom,hansom,hansom,en,0,1642693749235,
en:prognathous,prognathous,prognathous,en,0,1642695511308,
en:halcyon,halcyon,halcyon,en,0,1642846958593,
en:Pawnees,Pawnees,Pawnee,en,0,1642810183191,
en:bumptious,bumptious,bumptious,en,0,1642691889375,
en:cravat,cravat,cravat,en,0,1642787250131,
en:vacant,vacant,vacant,en,0,1642692103500,
en:commiseration,commiseration,commiseration,en,0,1642846305448,
en:Parthian shot,Parthian shot,Parthian shot,en,0,1642700271948,
en:entreaty,entreaty,entreaty,en,0,1642838454792,
en:ulster,ulster,ulster,en,0,1642787244308,
en:beatitude,beatitude,beatitude,en,0,1642807999131,
en:countenance,countenance,countenance,en,0,1642787152763,
en:curtsey,curtsey,curtsey,en,0,1642787109470,
en:convalescent,convalescent,convalescent,en,0,1642680486801,
en:desultory,desultory,desultory,en,0,1642681521761,
en:sallow,sallow,sallow,en,0,1642689035058,
en:pedlar,pedlar,pedlar,en,0,1642689122711,
en:bodkin,bodkin,bodkin,en,0,1642687118256,
en:skein,skein,skein,en,0,1642701091216,
en:reticence,reticence,reticence,en,0,1642688364630,
en:effusion,effusion,effusion,en,0,1642694913997,
en:Commissionaire,Commissionaire,commissionaire,en,0,1642692053696,
en:nondescript,nondescript,nondescript,en,0,1642689215871,
en:deuce,deuce,deuce,en,0,1642687660696,
en:me,me,me,en,0,1642688706676,
en:petulance,petulance,petulance,en,0,1642689261361,
en:sovereign,sovereign,sovereign,en,0,1642700720772,
en:To,To,to,en,0,1642808135038,
en:to,to,to,en,0,1642689149182,
en:expostulation,expostulation,expostulation,en,0,1642847206460,
en:peaks,peaks,peak,en,0,1642848804820,
en:Arabs,Arabs,Arab,en,0,1642809860144,
en:abstraction,abstraction,abstraction,en,0,1642692107423,
en:minatory,minatory,minatory,en,0,1642694449313,
en:Puerile,Puerile,puerile,en,0,1642689407022,
en:squalls,squalls,squall,en,0,1642847359751,
en:Blackfeet,Blackfeet,Blackfoot,en,0,1642810194122,
en:There,There,there,en,0,1642691865545,
en:Desultory,Desultory,desultory,en,0,1642688504628,
en:cavalier,cavalier,cavalier,en,0,1642691724705,
en:didactic,didactic,didactic,en,0,1643054200442,
en:disconsolate,disconsolate,disconsolate,en,0,1642787146398,
en:twaddle,twaddle,twaddle,en,0,1642689485895,
en:ineffable,ineffable,ineffable,en,0,1642689471933,
en:flank,flank,flank,en,0,1642849230269,
en:Cremona,Cremona,Cremona,en,0,1642694220227,
en:apropos,apropos,apropos,en,0,1642691659520,
en:querulously,querulously,querulously,en,0,1642691868744,
en:Mormons,Mormons,Mormon,en,0,1642846416949,
en:portmanteaus,portmanteaus,portmanteau,en,0,1642688236874,
en:staghounds,staghounds,staghound,en,0,1642810016841,
en:affectation,affectation,affectation,en,0,1642694847358,
en:seedy,seedy,seedy,en,0,1642689152924,
en:sententiously,sententiously,sententiously,en,0,1642808139109,
en:carolled,carolled,carolled,en,0,1642701113019,
en:Captain,Captain,captain,en,0,1643724764679,
en:broadcloth,broadcloth,broadcloth,en,0,1642695450321,
en:the,the,the,en,0,1642688710347,
en:torpor,torpor,torpor,en,0,1642688315154,
en:slipshod,slipshod,slipshod,en,0,1642689169326,
en:spry,spry,spry,en,0,1642693691798,
en:sere,sere,sere,en,0,1642700454626,
en:privations,privations,privation,en,0,1642846436921,
en:roan,roan,roan,en,0,1642846823385,
en:florid,florid,florid,en,0,1642700227675,
en:indefatigable,indefatigable,indefatigable,en,0,1642846569723,
en:a,a,a,en,0,1642694629715,
en:benediction,benediction,benediction,en,0,1655152917428,
en:diocese,diocese,diocese,en,0,1655154398133,
en:Anaheim,Anaheim,Anaheim,en,0,1655157263460,
en:Episcopalian,Episcopalian,Episcopalian,en,0,1655152458788,
en:toward,toward,toward,en,0,1655152454250,
en:that,that,that,en,0,1655155631502,
en:salver,salver,salver,en,0,1655157906465,
en:prosaic,prosaic,prosaic,en,0,1655157893844,
en:mitral,mitral,mitral,en,0,1655418746122,
en:dainty,dainty,dainty,en,0,1655327249213,
en:beige,beige,beige,en,0,1655538442768,
en:flux,flux,flux,en,0,1655538447194,
en:Slaver,Slaver,slaver,en,0,1655538451999,
en:harbinger,harbinger,harbinger,en,0,1655538454946,
en:furtive,furtive,furtive,en,0,1655538458850,
en:shift,shift,shift,en,0,1655538469345,
en:copper,copper,copper,en,0,1655538472323,
en:want,want,want,en,0,1655538475753,
en:dung,dung,dung,en,0,1655538478428,
en:and,and,and,en,0,1655538482154,
en:time,time,time,en,0,1655538485564,
en:banked,banked,bank,en,0,1655538488583,
en:Cover,Cover,cover,en,0,1655538491592,
en:Lamprey,Lamprey,lamprey,en,0,1655538495324,
en-GB:PONY,PONY,pony,en-GB,0,1655538498448,
en:morrow,morrow,morrow,en,0,1655538501344,
en:his,his,his,en,0,1655538504364,
en:quarrel,quarrel,quarrel,en,0,1655538507674,
en:spitted,spitted,spit,en,0,1655538510638,
en:blowing,blowing,Blow,en,0,1655538513360,
en:bay,bay,bay,en,0,1655538516056,
en:wool,wool,wool,en,0,1655538518768,
en:plaintive,plaintive,plaintive,en,0,1655538521309,
en:wet,wet,wet,en,0,1655538524060,
en:nominal,nominal,nominal,en,0,1655538526559,
en:tousled,tousled,tousle,en,0,1655538528950,
en:buttery,buttery,buttery,en,0,1655538531487,
en:smiley,smiley,smiley,en,0,1655538534071,
en:boils,boils,boil,en,0,1655538536490,
en:press,press,press,en,0,1655538538994,
en:rushes,rushes,rushes,en,0,1655538541731,
en:slaver,slaver,slaver,en,0,1655538545206,
en:cisterns,cisterns,cistern,en,0,1655538548375,
en:courteously,courteously,courteously,en,0,1655538551028,
en:aegis,aegis,aegis,en,0,1655538559795,
en:piñatas,piñatas,piñata,en,0,1655538562950,
en:lycanthropy,lycanthropy,lycanthropy,en,0,1655538566639,
en:commandeered,commandeered,commandeer,en,0,1655538570176,
